scenarioId,phase,startH,endH,eAvailableMWh,eCableReceivedMWh,h2DeliveredKg,eComputeServiceMWhCS,eCurtailmentMWh,eBessChargeMWh,eBessDischargeMWh,ensMWh,cableActiveHours,hydrogenActiveHours,computeActiveHours
mix_E100,P1_SHORTAGE_DISCHARGE,0,6,111.467858656716,0,0,0,-2.1316282072803e-14,0,15.312141343284,0,0,0,0
mix_E100,P2_PV_RISE_CHARGE,6,12,148.110688440311,0,0,0,25.7050134514171,15.2009907751032,19.9353157862095,0,0,0,0
mix_E100,P3_COMPUTE_START,12,18,1394.7460423458,1104,0,0,134.527479390841,0,68.7214370450371,0,6,0,0
mix_E100,P4_CABLE_SATURATION,18,24,2016.09573983665,1104,0,0,689.315739836653,0,0,0,6,0,0
mix_E100,P5_ELECTROLYSIS_START,24,30,2529.7022336105,1104,0,0,1147.07802308419,53.6842105263158,0,0,6,0,0
mix_E100,P6_ALL_CHANNELS_CURTAIL,30,36,4277.53736495945,1104,0,0,2868.59736495945,80,0,0,6,0,0
mix_E100,P7_RENEWABLE_DROP,36,40,90.6600269024362,116.646824750241,0,0,0,0,120.65,0,4,0,0
mix_E100,P8_RECOVERY_TERMINAL,40,48,1360.18915188798,0.0126531807833032,0,0,1088.25539843061,100,0,0,1,0,0
mix_H100,P1_SHORTAGE_DISCHARGE,0,6,111.467858656716,0,0,0,-7.105427357601e-15,0,15.312141343284,0,0,0,0
mix_H100,P2_PV_RISE_CHARGE,6,12,148.110688440311,0,0,0,40.9060042265202,0,19.9353157862095,0,0,0,0
mix_H100,P3_COMPUTE_START,12,18,1394.7460423458,0,0,0,1265.80925591094,0,0.00321356514013615,0,0,0,0
mix_H100,P4_CABLE_SATURATION,18,24,2016.09573983665,0,0,0,1889.31573983665,0,0,0,0,0,0
mix_H100,P5_ELECTROLYSIS_START,24,30,2529.7022336105,0,10336.110974106,0,1800.7622336105,0,0,0,0,6,0
mix_H100,P6_ALL_CHANNELS_CURTAIL,30,36,4277.53736495945,0,10487.055487053,0,3548.59736495945,0,0,0,0,6,0
mix_H100,P7_RENEWABLE_DROP,36,40,90.6600269024362,0,0,0,4.84949026997825,2.72406251407451,1.43352588161659,0,0,0,0
mix_H100,P8_RECOVERY_TERMINAL,40,48,1360.18915188798,0,0,0,1150.34590517629,37.9232467116875,0,0,0,0,0
mix_C100,P1_SHORTAGE_DISCHARGE,0,6,111.467858656716,0,0,0,0,0,15.312141343284,0,0,0,0
mix_C100,P2_PV_RISE_CHARGE,6,12,148.110688440311,0,0,0,40.9060042265202,0,19.9353157862095,0,0,0,0
mix_C100,P3_COMPUTE_START,12,18,1394.7460423458,0,0,669.144981412639,545.814099012577,0,0.00805666677320005,0,0,0,6
mix_C100,P4_CABLE_SATURATION,18,24,2016.09573983665,0,0,669.144981412639,1169.31573983665,0,0,0,0,0,6
mix_C100,P5_ELECTROLYSIS_START,24,30,2529.7022336105,0,0,669.144981412639,1608.01374186949,72.7484917410157,0,0,0,0,6
mix_C100,P6_ALL_CHANNELS_CURTAIL,30,36,4277.53736495945,0,0,669.144981412639,3428.59736495945,0,0,0,0,0,6
mix_C100,P7_RENEWABLE_DROP,36,40,90.6600269024362,0,0,117.83459749297,0,0,120.65,0,0,0,4
mix_C100,P8_RECOVERY_TERMINAL,40,48,1360.18915188798,0,0,148.698884758364,928.269151887982,100,0,0,0,0,8
mix_E80_H20,P1_SHORTAGE_DISCHARGE,0,6,111.467858656716,0,0,0,-2.1316282072803e-14,0,15.312141343284,0,0,0,0
mix_E80_H20,P2_PV_RISE_CHARGE,6,12,148.110688440311,0.0145023135236987,0,0,25.6892500671522,15.2009907751032,19.9353157862095,0,1,0,0
mix_E80_H20,P3_COMPUTE_START,12,18,1394.7460423458,1104,0,0,134.527479390841,0,68.7214370450371,0,6,0,0
mix_E80_H20,P4_CABLE_SATURATION,18,24,2016.09573983665,1104,0,0,689.315739836653,0,0,0,6,0,0
mix_E80_H20,P5_ELECTROLYSIS_START,24,30,2529.7022336105,1104,5261.40443896424,0,844.678023084189,53.6842105263158,0,0,6,6,0
mix_E80_H20,P6_ALL_CHANNELS_CURTAIL,30,36,4277.53736495945,1104,5285.57459926017,0,2566.19736495945,80,0,0,6,6,0
mix_E80_H20,P7_RENEWABLE_DROP,36,40,90.6600269024362,116.646824750241,0,0,0,0,120.65,0,4,0,0
mix_E80_H20,P8_RECOVERY_TERMINAL,40,48,1360.18915188798,0,0,0,1088.26915188798,100,0,0,0,0,0
mix_E60_H40,P1_SHORTAGE_DISCHARGE,0,6,111.467858656716,0,0,0,-2.1316282072803e-14,0,15.312141343284,0,0,0,0
mix_E60_H40,P2_PV_RISE_CHARGE,6,12,148.110688440311,0,0,0,25.7050134514171,15.2009907751032,19.9353157862095,0,0,0,0
mix_E60_H40,P3_COMPUTE_START,12,18,1394.7460423458,1104,0,0,134.527479390841,0,68.7214370450371,0,6,0,0
mix_E60_H40,P4_CABLE_SATURATION,18,24,2016.09573983665,1104,0,0,689.315739836653,0,0,0,6,0,0
mix_E60_H40,P5_ELECTROLYSIS_START,24,30,2529.7022336105,1104,10638,0,553.196900277171,0,0,0,6,6,0
mix_E60_H40,P6_ALL_CHANNELS_CURTAIL,30,36,4277.53736495945,1104,10638,0,2236.24648776647,133.684210526316,0,0,6,6,0
mix_E60_H40,P7_RENEWABLE_DROP,36,40,90.6600269024362,116.646824750241,0,0,0,0,120.65,0,4,0,0
mix_E60_H40,P8_RECOVERY_TERMINAL,40,48,1360.18915188798,0.0163105275569753,0,0,1088.25142305368,100,0,0,1,0,0
mix_E40_H60,P1_SHORTAGE_DISCHARGE,0,6,111.467858656716,0,0,0,-2.1316282072803e-14,0,15.312141343284,0,0,0,0
mix_E40_H60,P2_PV_RISE_CHARGE,6,12,148.110688440311,0,0,0,40.9060042265202,0,19.9353157862095,0,0,0,0
mix_E40_H60,P3_COMPUTE_START,12,18,1394.7460423458,927.36,0,0,275.59592024725,0,17.7898779014459,0,6,0,0
mix_E40_H60,P4_CABLE_SATURATION,18,24,2016.09573983665,927.36,0,0,881.315739836653,0,0,0,6,0,0
mix_E40_H60,P5_ELECTROLYSIS_START,24,30,2529.7022336105,927.36,10638,0,767.194892856001,12.4513407545035,0,0,6,6,0
mix_E40_H60,P6_ALL_CHANNELS_CURTAIL,30,36,4277.53736495945,927.36,10638,0,2447.48136495945,80.0000000000001,0,0,6,6,0
mix_E40_H60,P7_RENEWABLE_DROP,36,40,90.6600269024362,116.646824750241,0,0,0,0,120.65,0,4,0,0
mix_E40_H60,P8_RECOVERY_TERMINAL,40,48,1360.18915188798,0.0144792398944774,0,0,1088.25341358375,100,0,0,1,0,0
mix_E20_H80,P1_SHORTAGE_DISCHARGE,0,6,111.467858656716,0,0,0,-2.1316282072803e-14,0,15.312141343284,0,0,0,0
mix_E20_H80,P2_PV_RISE_CHARGE,6,12,148.110688440311,0,0,0,40.9060042265202,0,19.9353157862095,0,0,0,0
mix_E20_H80,P3_COMPUTE_START,12,18,1394.7460423458,463.68,0,0,761.806042345804,0,0,0,6,0,0
mix_E20_H80,P4_CABLE_SATURATION,18,24,2016.09573983665,463.68,0,0,1385.31573983665,0,0,0,6,0,0
mix_E20_H80,P5_ELECTROLYSIS_START,24,30,2529.7022336105,463.68,10638,0,1263.47141008109,0,0,0,6,6,0
mix_E20_H80,P6_ALL_CHANNELS_CURTAIL,30,36,4277.53736495945,463.68,10638,0,2978.91662380244,72.7395646864194,0,0,6,6,0
mix_E20_H80,P7_RENEWABLE_DROP,36,40,90.6600269024362,116.646824750241,0,0,0,0,120.65,0,4,0,0
mix_E20_H80,P8_RECOVERY_TERMINAL,40,48,1360.18915188798,0.0096549628314358,0,0,1088.25865736317,100,0,0,1,0,0
mix_E80_C20,P1_SHORTAGE_DISCHARGE,0,6,111.467858656716,0,0,0,-2.1316282072803e-14,0,15.312141343284,0,0,0,0
mix_E80_C20,P2_PV_RISE_CHARGE,6,12,148.110688440311,0,0,0,3.5527136788005e-15,40.9060042265202,19.9353157862095,0,0,0,0
mix_E80_C20,P3_COMPUTE_START,12,18,1394.7460423458,785.428153708285,0,468.401486988848,0,0,91.920211684941,0,6,0,6
mix_E80_C20,P4_CABLE_SATURATION,18,24,2016.09573983665,1104,0,468.401486988848,185.315739836653,0,0,0,6,0,6
mix_E80_C20,P5_ELECTROLYSIS_START,24,30,2529.7022336105,1104,0,468.401486988848,696.762233610505,0,0,0,6,0,6
mix_E80_C20,P6_ALL_CHANNELS_CURTAIL,30,36,4277.53736495945,1104,0,468.401486988848,2310.91315443314,133.684210526316,0,0,6,0,6
mix_E80_C20,P7_RENEWABLE_DROP,36,40,90.6600269024362,43.0468247502413,0,74.3494423791822,0,0,120.65,0,1,0,4
mix_E80_C20,P8_RECOVERY_TERMINAL,40,48,1360.18915188798,0.01983827384856,0,148.698884758364,928.247588546843,100,0,0,1,0,8
mix_E60_C40,P1_SHORTAGE_DISCHARGE,0,6,111.467858656716,0,0,0,-2.1316282072803e-14,0,15.312141343284,0,0,0,0
mix_E60_C40,P2_PV_RISE_CHARGE,6,12,148.110688440311,0,0,0,3.5527136788005e-15,40.9060042265202,19.9353157862095,0,0,0,0
mix_E60_C40,P3_COMPUTE_START,12,18,1394.7460423458,548.615018686612,0,669.144981412639,0,0,50.514630139644,0,6,0,6
mix_E60_C40,P4_CABLE_SATURATION,18,24,2016.09573983665,1104,0,669.144981412639,10.7213213819498,0,41.405581545297,0,6,0,6
mix_E60_C40,P5_ELECTROLYSIS_START,24,30,2529.7022336105,1104,0,669.144981412639,427.078023084189,53.6842105263158,0,0,6,0,6
mix_E60_C40,P6_ALL_CHANNELS_CURTAIL,30,36,4277.53736495945,1104,0,669.144981412639,2148.59736495945,80,0,0,6,0,6
mix_E60_C40,P7_RENEWABLE_DROP,36,40,90.6600269024362,43.0468247502413,0,74.3494423791822,0,0,120.65,0,1,0,4
mix_E60_C40,P8_RECOVERY_TERMINAL,40,48,1360.18915188798,0.0228344443692708,0,148.698884758364,928.244331839755,100,0,0,1,0,8
mix_E40_C60,P1_SHORTAGE_DISCHARGE,0,6,111.467858656716,0,0,0,-2.1316282072803e-14,0,15.312141343284,0,0,0,0
mix_E40_C60,P2_PV_RISE_CHARGE,6,12,148.110688440311,0,0,0,0,40.9060042265202,19.9353157862095,0,0,0,0
mix_E40_C60,P3_COMPUTE_START,12,18,1394.7460423458,586.708153708285,0,669.144981412639,0,0,91.920211684941,0,6,0,6
mix_E40_C60,P4_CABLE_SATURATION,18,24,2016.09573983665,927.36,0,669.144981412639,161.315739836653,0,0,0,6,0,6
mix_E40_C60,P5_ELECTROLYSIS_START,24,30,2529.7022336105,927.36,0,669.144981412639,672.762233610505,0,0,0,6,0,6
mix_E40_C60,P6_ALL_CHANNELS_CURTAIL,30,36,4277.53736495945,927.36,0,669.144981412639,2286.91315443314,133.684210526316,0,0,6,0,6
mix_E40_C60,P7_RENEWABLE_DROP,36,40,90.6600269024362,43.0468247502413,0,74.3494423791822,0,0,120.65,0,1,0,4
mix_E40_C60,P8_RECOVERY_TERMINAL,40,48,1360.18915188798,0.0212210918162421,0,148.698884758364,928.246085483834,100,0,0,1,0,8
mix_E20_C80,P1_SHORTAGE_DISCHARGE,0,6,111.467858656716,0,0,0,-2.1316282072803e-14,0,15.312141343284,0,0,0,0
mix_E20_C80,P2_PV_RISE_CHARGE,6,12,148.110688440311,0,0,0,14.3620143088472,26.543989917673,19.9353157862095,0,0,0,0
mix_E20_C80,P3_COMPUTE_START,12,18,1394.7460423458,463.68,0,669.144981412639,120.76453611701,0,78.9584937712064,0,6,0,6
mix_E20_C80,P4_CABLE_SATURATION,18,24,2016.09573983665,463.68,0,669.144981412639,665.315739836653,0,0,0,6,0,6
mix_E20_C80,P5_ELECTROLYSIS_START,24,30,2529.7022336105,463.68,0,669.144981412639,1176.7622336105,0,0,0,6,0,6
mix_E20_C80,P6_ALL_CHANNELS_CURTAIL,30,36,4277.53736495945,463.68,0,669.144981412639,2790.91315443314,133.684210526316,0,0,6,0,6
mix_E20_C80,P7_RENEWABLE_DROP,36,40,90.6600269024362,43.0468247502413,0,74.3494423791822,0,0,120.65,0,1,0,4
mix_E20_C80,P8_RECOVERY_TERMINAL,40,48,1360.18915188798,0.0167537848433014,0,148.698884758364,928.250941252283,100,0,0,1,0,8
mix_H80_C20,P1_SHORTAGE_DISCHARGE,0,6,111.467858656716,0,0,0,-7.105427357601e-15,0,15.312141343284,0,0,0,0
mix_H80_C20,P2_PV_RISE_CHARGE,6,12,148.110688440311,0,0,0,40.9060042265202,0,19.9353157862095,0,0,0,0
mix_H80_C20,P3_COMPUTE_START,12,18,1394.7460423458,0,0,468.401486988848,761.806042345804,0,-0,0,0,0,6
mix_H80_C20,P4_CABLE_SATURATION,18,24,2016.09573983665,0,0,468.401486988848,1385.31573983665,0,0,0,0,0,6
mix_H80_C20,P5_ELECTROLYSIS_START,24,30,2529.7022336105,0,10638,468.401486988848,1283.23363549698,0,0,0,0,6,6
mix_H80_C20,P6_ALL_CHANNELS_CURTAIL,30,36,4277.53736495945,0,10638,468.401486988848,2959.15191792009,72.7395646864194,0,0,0,6,6
mix_H80_C20,P7_RENEWABLE_DROP,36,40,90.6600269024362,0,0.0432563290089558,117.83459749297,0,0,120.65,0,0,0,4
mix_H80_C20,P8_RECOVERY_TERMINAL,40,48,1360.18915188798,0,0,148.698884758364,928.269151887982,100,0,0,0,0,8
mix_H60_C40,P1_SHORTAGE_DISCHARGE,0,6,111.467858656716,0,0,0,-7.105427357601e-15,0,15.312141343284,0,0,0,0
mix_H60_C40,P2_PV_RISE_CHARGE,6,12,148.110688440311,0,0,0,40.9060042265202,0,19.9353157862095,0,0,0,0
mix_H60_C40,P3_COMPUTE_START,12,18,1394.7460423458,0,0,669.144981412639,545.806042345804,0,0,0,0,0,6
mix_H60_C40,P4_CABLE_SATURATION,18,24,2016.09573983665,0,0,669.144981412639,1169.31573983665,0,0,0,0,0,6
mix_H60_C40,P5_ELECTROLYSIS_START,24,30,2529.7022336105,0,10638,669.144981412639,1067.6462336105,0,0,0,0,6,6
mix_H60_C40,P6_ALL_CHANNELS_CURTAIL,30,36,4277.53736495945,0,10638,669.144981412639,2742.73866711293,72.7395646864194,0,0,0,6,6
mix_H60_C40,P7_RENEWABLE_DROP,36,40,90.6600269024362,0,0.0546385151292327,117.83459749297,0,0,120.65,0,0,0,4
mix_H60_C40,P8_RECOVERY_TERMINAL,40,48,1360.18915188798,0,0,148.698884758364,928.269151887982,100,0,0,0,0,8
mix_H40_C60,P1_SHORTAGE_DISCHARGE,0,6,111.467858656716,0,0,0,-7.105427357601e-15,0,15.312141343284,0,0,0,0
mix_H40_C60,P2_PV_RISE_CHARGE,6,12,148.110688440311,0,0,0,40.9060042265202,0,19.9353157862095,0,0,0,0
mix_H40_C60,P3_COMPUTE_START,12,18,1394.7460423458,0,0,669.144981412639,545.806042345804,0,0,0,0,0,6
mix_H40_C60,P4_CABLE_SATURATION,18,24,2016.09573983665,0,0,669.144981412639,1169.31573983665,0,0,0,0,0,6
mix_H40_C60,P5_ELECTROLYSIS_START,24,30,2529.7022336105,0,10638,669.144981412639,1033.19376711707,0,0,0,0,6,6
mix_H40_C60,P6_ALL_CHANNELS_CURTAIL,30,36,4277.53736495945,0,10638,669.144981412639,2777.19113360637,72.7395646864194,0,0,0,6,6
mix_H40_C60,P7_RENEWABLE_DROP,36,40,90.6600269024362,0,0.054638515119666,117.83459749297,0,0,120.65,0,0,0,4
mix_H40_C60,P8_RECOVERY_TERMINAL,40,48,1360.18915188798,0,0,148.698884758364,928.269151887982,100,0,0,0,0,8
mix_H20_C80,P1_SHORTAGE_DISCHARGE,0,6,111.467858656716,0,0,0,-7.105427357601e-15,0,15.312141343284,0,0,0,0
mix_H20_C80,P2_PV_RISE_CHARGE,6,12,148.110688440311,0,0,0,40.9060042265202,0,19.9353157862095,0,0,0,0
mix_H20_C80,P3_COMPUTE_START,12,18,1394.7460423458,0,0,669.144981412639,545.815348941372,0,0.00930659556772753,0,0,0,6
mix_H20_C80,P4_CABLE_SATURATION,18,24,2016.09573983665,0,0,669.144981412639,1169.31573983665,0,0,0,0,0,6
mix_H20_C80,P5_ELECTROLYSIS_START,24,30,2529.7022336105,0,5273.48951911221,669.144981412639,1378.3622336105,0,0,0,0,6,6
mix_H20_C80,P6_ALL_CHANNELS_CURTAIL,30,36,4277.53736495945,0,5273.48951911221,669.144981412639,3053.44748825578,72.749876703669,0,0,0,6,6
mix_H20_C80,P7_RENEWABLE_DROP,36,40,90.6600269024362,0,0,117.83459749297,0,0,120.65,0,0,0,4
mix_H20_C80,P8_RECOVERY_TERMINAL,40,48,1360.18915188798,0,0,148.698884758364,928.269151887982,100,0,0,0,0,8
mix_E60_H20_C20,P1_SHORTAGE_DISCHARGE,0,6,111.467858656716,0,0,0,-2.1316282072803e-14,0,15.312141343284,0,0,0,0
mix_E60_H20_C20,P2_PV_RISE_CHARGE,6,12,148.110688440311,0,0,0,0,40.9060042265202,19.9353157862095,0,0,0,0
mix_E60_H20_C20,P3_COMPUTE_START,12,18,1394.7460423458,785.428153708285,0,468.401486988848,0,0,91.920211684941,0,6,0,6
mix_E60_H20_C20,P4_CABLE_SATURATION,18,24,2016.09573983665,1104,0,468.401486988848,185.315739836653,0,0,0,6,0,6
mix_E60_H20_C20,P5_ELECTROLYSIS_START,24,30,2529.7022336105,1104,5273.48951911221,468.401486988848,340.678023084189,53.6842105263158,0,0,6,6,6
mix_E60_H20_C20,P6_ALL_CHANNELS_CURTAIL,30,36,4277.53736495945,1104,5273.48951911221,468.401486988848,2062.19736495945,80,0,0,6,6,6
mix_E60_H20_C20,P7_RENEWABLE_DROP,36,40,90.6600269024362,43.0468247502413,0,74.3494423791822,0,0,120.65,0,1,0,4
mix_E60_H20_C20,P8_RECOVERY_TERMINAL,40,48,1360.18915188798,0.0216874069490621,1.23910041994451e-13,148.698884758364,928.245578619546,100,0,0,1,0,8
mix_E50_H30_C20,P1_SHORTAGE_DISCHARGE,0,6,111.467858656716,0,0,0,-2.1316282072803e-14,0,15.312141343284,0,0,0,0
mix_E50_H30_C20,P2_PV_RISE_CHARGE,6,12,148.110688440311,0,0,0,0,40.9060042265202,19.9353157862095,0,0,0,0
mix_E50_H30_C20,P3_COMPUTE_START,12,18,1394.7460423458,785.428153708285,0,468.401486988848,0,0,91.920211684941,0,6,0,6
mix_E50_H30_C20,P4_CABLE_SATURATION,18,24,2016.09573983665,1104,0,468.401486988848,185.315739836653,0,0,0,6,0,6
mix_E50_H30_C20,P5_ELECTROLYSIS_START,24,30,2529.7022336105,1104,7812.55487053021,468.401486988848,229.878233610505,0,0,0,6,6,6
mix_E50_H30_C20,P6_ALL_CHANNELS_CURTAIL,30,36,4277.53736495945,1104,7812.55487053021,468.401486988848,1878.91315443314,133.684210526316,0,0,6,6,6
mix_E50_H30_C20,P7_RENEWABLE_DROP,36,40,90.6600269024362,43.0468247502413,0,74.3494423791822,0,0,120.65,0,1,0,4
mix_E50_H30_C20,P8_RECOVERY_TERMINAL,40,48,1360.18915188798,0.022490441882822,0,148.698884758364,928.244705755501,100,0,0,1,0,8
mix_E40_H30_C30,P1_SHORTAGE_DISCHARGE,0,6,111.467858656716,0,0,0,-2.1316282072803e-14,0,15.312141343284,0,0,0,0
mix_E40_H30_C30,P2_PV_RISE_CHARGE,6,12,148.110688440311,0,0,0,0,40.9060042265202,19.9353157862095,0,0,0,0
mix_E40_H30_C30,P3_COMPUTE_START,12,18,1394.7460423458,586.708153708285,0,669.144981412639,0,0,91.920211684941,0,6,0,6
mix_E40_H30_C30,P4_CABLE_SATURATION,18,24,2016.09573983665,927.36,0,669.144981412639,161.315739836653,0,0,0,6,0,6
mix_E40_H30_C30,P5_ELECTROLYSIS_START,24,30,2529.7022336105,927.36,7812.55487053021,669.144981412639,205.878233610505,0,0,0,6,6,6
mix_E40_H30_C30,P6_ALL_CHANNELS_CURTAIL,30,36,4277.53736495945,927.36,7812.55487053021,669.144981412639,1854.91315443314,133.684210526316,0,0,6,6,6
mix_E40_H30_C30,P7_RENEWABLE_DROP,36,40,90.6600269024362,43.0468247502413,0,74.3494423791822,0,0,120.65,0,1,0,4
mix_E40_H30_C30,P8_RECOVERY_TERMINAL,40,48,1360.18915188798,0.0238732595141988,0,148.698884758364,928.243202692858,100,0,0,1,0,8
mix_E30_H30_C40,P1_SHORTAGE_DISCHARGE,0,6,111.467858656716,0,0,0,-2.1316282072803e-14,0,15.312141343284,0,0,0,0
mix_E30_H30_C40,P2_PV_RISE_CHARGE,6,12,148.110688440311,0,0,0,0,40.9060042265202,19.9353157862095,0,0,0,0
mix_E30_H30_C40,P3_COMPUTE_START,12,18,1394.7460423458,557.684069259592,0,669.144981412639,31.5479178790147,0,91.920211684941,0,6,0,6
mix_E30_H30_C40,P4_CABLE_SATURATION,18,24,2016.09573983665,695.52,0,669.144981412639,413.315739836653,0,0,0,6,0,6
mix_E30_H30_C40,P5_ELECTROLYSIS_START,24,30,2529.7022336105,695.52,7812.55487053021,669.144981412639,457.878233610505,0,0,0,6,6,6
mix_E30_H30_C40,P6_ALL_CHANNELS_CURTAIL,30,36,4277.53736495945,695.52,7812.55487053021,669.144981412639,2106.91315443314,133.684210526316,0,0,6,6,6
mix_E30_H30_C40,P7_RENEWABLE_DROP,36,40,90.6600269024362,43.0468247502413,0,74.3494423791822,0,0,120.65,0,1,0,4
mix_E30_H30_C40,P8_RECOVERY_TERMINAL,40,48,1360.18915188798,0.0216727616930111,0,148.698884758364,928.245594538316,100,0,0,1,0,8
mix_E20_H40_C40,P1_SHORTAGE_DISCHARGE,0,6,111.467858656716,0,0,0,-2.1316282072803e-14,0,15.312141343284,0,0,0,0
mix_E20_H40_C40,P2_PV_RISE_CHARGE,6,12,148.110688440311,0,0,0,14.3620143088473,26.543989917673,19.9353157862095,0,0,0,0
mix_E20_H40_C40,P3_COMPUTE_START,12,18,1394.7460423458,463.68,0,669.144981412639,120.76453611701,0,78.9584937712064,0,6,0,6
mix_E20_H40_C40,P4_CABLE_SATURATION,18,24,2016.09573983665,463.68,0,669.144981412639,665.315739836653,0,0,0,6,0,6
mix_E20_H40_C40,P5_ELECTROLYSIS_START,24,30,2529.7022336105,463.68,10638,669.144981412639,563.646233610505,0,0,0,6,6,6
mix_E20_H40_C40,P6_ALL_CHANNELS_CURTAIL,30,36,4277.53736495945,463.68,10638,669.144981412639,2177.79715443314,133.684210526316,0,0,6,6,6
mix_E20_H40_C40,P7_RENEWABLE_DROP,36,40,90.6600269024362,43.0468247502413,0,74.3494423791822,0,0,120.65,0,1,0,4
mix_E20_H40_C40,P8_RECOVERY_TERMINAL,40,48,1360.18915188798,0.0204111314109432,0,148.698884758364,928.246965875579,100,0,0,1,0,8
mix_E20_H60_C20,P1_SHORTAGE_DISCHARGE,0,6,111.467858656716,0,0,0,-2.1316282072803e-14,0,15.312141343284,0,0,0,0
mix_E20_H60_C20,P2_PV_RISE_CHARGE,6,12,148.110688440311,0,0,0,40.9060042265202,0,19.9353157862095,0,0,0,0
mix_E20_H60_C20,P3_COMPUTE_START,12,18,1394.7460423458,463.68,0,468.401486988848,275.59592024725,0,17.7898779014459,0,6,0,6
mix_E20_H60_C20,P4_CABLE_SATURATION,18,24,2016.09573983665,463.68,0,468.401486988848,881.315739836653,0,0,0,6,0,6
mix_E20_H60_C20,P5_ELECTROLYSIS_START,24,30,2529.7022336105,463.68,10638,468.401486988848,755.001969779078,12.4513407545035,0,0,6,6,6
mix_E20_H60_C20,P6_ALL_CHANNELS_CURTAIL,30,36,4277.53736495945,463.68,10638,468.401486988848,2459.67428803638,80,0,0,6,6,6
mix_E20_H60_C20,P7_RENEWABLE_DROP,36,40,90.6600269024362,43.0468247502413,0,74.3494423791822,0,0,120.65,0,1,0,4
mix_E20_H60_C20,P8_RECOVERY_TERMINAL,40,48,1360.18915188798,0.0171753564514565,0,148.698884758364,928.250483022274,100,0,0,1,0,8
mix_E20_H20_C60,P1_SHORTAGE_DISCHARGE,0,6,111.467858656716,0,0,0,-2.1316282072803e-14,0,15.312141343284,0,0,0,0
mix_E20_H20_C60,P2_PV_RISE_CHARGE,6,12,148.110688440311,0,0,0,14.3620143088473,26.543989917673,19.9353157862095,0,0,0,0
mix_E20_H20_C60,P3_COMPUTE_START,12,18,1394.7460423458,463.68,0,669.144981412639,120.76453611701,0,78.9584937712064,0,6,0,6
mix_E20_H20_C60,P4_CABLE_SATURATION,18,24,2016.09573983665,463.68,0,669.144981412639,665.315739836653,0,0,0,6,0,6
mix_E20_H20_C60,P5_ELECTROLYSIS_START,24,30,2529.7022336105,463.68,5273.48951911221,669.144981412639,874.362233610505,0,0,0,6,6,6
mix_E20_H20_C60,P6_ALL_CHANNELS_CURTAIL,30,36,4277.53736495945,463.68,5273.48951911221,669.144981412639,2488.51315443314,133.684210526316,0,0,6,6,6
mix_E20_H20_C60,P7_RENEWABLE_DROP,36,40,90.6600269024362,43.0468247502413,0,74.3494423791822,0,0,120.65,0,1,0,4
mix_E20_H20_C60,P8_RECOVERY_TERMINAL,40,48,1360.18915188798,0.0186029175579911,0,148.698884758364,928.248931325419,100,0,0,1,0,8
