timeH,eventCode,eAvailableMWh,eSourceUsedMWh,eElectricityInputMWh,eHydrogenInputMWh,eFlexibleComputeInputMWh,eCableReceivedMWh,h2DeliveredKg,eComputeServiceMWhCS,eCurtailmentMWh,ensMWh,outputRevenueCNY,operatingCostCNY,economicNetCostCNY,exitflag,auditPass,strategyId,realizedElectricityShare,realizedHydrogenShare,realizedComputeShare,ratioActive,pSourceAvailableMW,pSourceUsedMW,pCurtailmentMW,pBessChargeMW,pBessDischargeMW,bessSOC,pElectrolyzerMW,h2InventoryKg,pH2PowerMW,pCableSendMW,pComputeFacilityMW,pMarineUnservedMW,pInternalUnservedMW,pWindAvailableMW,pPVAvailableMW,pTidalAvailableMW
0,NORMAL,140.291756304204,140.291756304204,52.1476875393318,20,25.8927728544419,47.9758725361852,0,29.1398174519855,0,0,31484.1181346772,4038.88074877212,-42641.4299171716,1,1,model_causal_reserve_1h_annual,0.53189965989433,0.203997410045518,0.264102930060152,1,140.291756304204,140.291756304204,0,15.7894736842105,0,0.89375,20,40352.2987493394,0,52.1476875393318,31.2245950806618,0,0,134.26,6.03175630420411,0
1,NORMAL,152.518159228209,152.518159228209,80.7996649580979,20,25.3216873356844,74.3356917614501,0,28.5465921109482,0,0,37513.8620782221,4283.40880725221,-43221.6458022364,1,1,model_causal_reserve_1h_annual,0.640650163422655,0.158577430674964,0.200772405902381,1,152.518159228209,152.518159228209,0,0,0,0.89375,20,40704.5974986789,0,80.7996649580979,30.5884942701108,0,0,138.964,13.5541592282087,0
2,NORMAL,165.459025817457,165.459025817457,95.6249914568955,20,23.6297861586084,87.9749921403439,0,26.7883071973859,0,0,39908.1517123755,4542.22613903719,-45357.1181046048,1,1,model_causal_reserve_1h_annual,0.686690920730386,0.143621643310666,0.169687435958948,1,165.459025817457,165.459025817457,0,0,0,0.89375,20,41056.8962480183,0,95.6249914568955,28.7040343605618,0,0,144.256,21.2030258174573,0
3,NORMAL,175.487295316613,175.487295316613,103.731868938958,20,25.3549043208892,95.4333194238412,0,28.5818695133202,0,0,42594.931418382,4742.7915290203,-47843.3324206282,1,1,model_causal_reserve_1h_annual,0.695781836784146,0.134150062830467,0.170068100385388,1,175.487295316613,175.487295316613,0,0,0,0.89375,20,41409.1949973578,0,103.731868938958,30.6254263776553,0,0,147.784,27.703295316613,0
4,NORMAL,176.672977440479,176.672977440479,106.152147329305,20,24.2464708609253,97.659975542961,0,27.4300437234936,0,0,42553.4159920575,4766.50517149762,-47778.1033518263,1,1,model_causal_reserve_1h_annual,0.705805336555948,0.132979945166139,0.161214718277912,1,176.672977440479,176.672977440479,0,0,0,0.89375,20,41761.4937466972,0,106.152147329305,29.3908301111734,0,0,152.3116,24.3613774404788,0
5,NORMAL,185.022781249829,185.022781249829,114.746438944702,20,24.0269909221419,105.566723829126,0,27.2022525120563,0,0,44337.1399750184,4933.50124768463,-49394.8312586002,1,1,model_causal_reserve_1h_annual,0.72270554992063,0.125965660732864,0.151328789346506,1,185.022781249829,185.022781249829,0,0,0,0.89375,20,42113.7924960366,0,114.746438944702,29.1463423051274,0,0,163.4836,21.5391812498294,0
6,NORMAL,200.580678321577,200.580678321577,129.571247355176,20,24.6852108104713,119.205547566762,0,27.8868389312393,0,0,47952.7508816425,5244.65918911959,-52699.2842237894,1,1,model_causal_reserve_1h_annual,0.743566400460212,0.114773364560114,0.141660234979674,1,200.580678321577,200.580678321577,0,0,2.70006239588838e-14,0.89375,20,42466.0912453761,0,129.571247355176,29.8794309664017,0,0,181.3588,19.2218783215774,0
7,NORMAL,224.991213716989,224.991213716989,154.596486500346,20,24.133338664464,142.228767580318,0,27.313515761296,0,0,70259.1142095625,5732.86989702782,-74517.4368438012,1,1,model_causal_reserve_1h_annual,0.777922923104957,0.100639146556958,0.121437930338085,1,224.991213716989,224.991213716989,0,0,-2.70006239588838e-14,0.89375,20,42818.3899947155,0,154.596486500346,29.2647272166432,0,0,208.1716,16.8196137169888,0
8,NORMAL,244.995306020671,244.995306020671,180.787202505863,20,17.6757271034112,166.324226305394,0,21.5396876736494,0,0,76046.5653067666,6132.95174310147,-79904.8060949316,1,1,model_causal_reserve_1h_annual,0.827541783996053,0.0915487127988736,0.0809095032050728,1,244.995306020671,244.995306020671,0,0,0,0.89375,20,43170.688744055,0,180.787202505863,23.0781035148082,0,0,234.9844,10.0109060206714,0
9,NORMAL,255.284296059127,255.284296059127,192.24801740816,20,16.6747944988288,176.868176015507,0,20.4462681353011,0,0,79295.677433233,6338.73154387057,-82948.1384206289,1,1,model_causal_reserve_1h_annual,0.839794058996052,0.0873656925379985,0.072840248465949,1,255.284296059127,255.284296059127,0,0,0,0.89375,20,43522.9874933944,0,192.24801740816,21.9062786509671,0,0,253.9768,1.30749605912667,0
10,NORMAL,261.7972,261.7972,198.046014686542,20,17.2854869000597,182.202333511619,0,21.113827126825,0,0,81549.7536275952,6468.98962268804,-85071.9565361737,1,1,model_causal_reserve_1h_annual,0.841561853603612,0.084986497197189,0.0734516491991987,1,261.7972,261.7972,0,0,0,0.89375,20,43875.2862427338,0,198.046014686542,22.621185313458,0,0,261.7972,0,0
11,NORMAL,257.47125859082,257.47125859082,193.471739349985,20,17.1901304991901,177.994000201986,0,21.0098998872005,0,0,79982.7900163153,6382.47079450444,-83591.5117530774,1,1,model_causal_reserve_1h_annual,0.838767757655359,0.0867070054234693,0.0745252369211712,1,257.47125859082,257.47125859082,0,0,0,0.89375,20,44227.5849920733,0,193.471739349985,22.5095192408349,0,0,257.3284,0,0.142858590820011
12,NORMAL,241.697415331254,241.697415331254,179.414805382489,20,15.7235995528216,165.06162095189,0,19.4076490410492,0,0,74526.0080632051,6066.99392931312,-78450.2066651584,1,1,model_causal_reserve_1h_annual,0.833950616285534,0.0929634111864579,0.0730859725280082,1,241.697415331254,241.697415331254,0,0,0,0.89375,20,44579.8837414127,0,179.414805382489,20.7926099487645,0,0,238.336,0,3.36141533125378
13,NORMAL,214.111027758567,214.111027758567,151.351089012012,20,16.1313529310834,139.243001891051,0,19.8534653600074,0,0,65454.213360782,5515.26617785937,-69930.1397141891,1,1,model_causal_reserve_1h_annual,0.807281404292515,0.106676656185599,0.0860419395218864,1,214.111027758567,214.111027758567,0,0,0,0.89375,20,44932.1824907522,0,151.351089012012,21.2699387465549,0,0,209.2888,0,4.82222775856656
14,NORMAL,193.428270774166,193.428270774166,130.290385739412,20,16.4542163125962,119.867154880259,0,20.206528887195,0,0,58655.4402004908,5101.61103817137,-63545.021693586,1,1,model_causal_reserve_1h_annual,0.781376932962268,0.119943912749643,0.0986791542880893,1,193.428270774166,193.428270774166,0,0,0,0.89375,20,45284.4812400916,0,130.290385739412,21.6478850347542,0,0,186.9448,0,6.48347077416645
15,NORMAL,179.826633421327,179.826633421327,116.753324889108,20,16.3990836241743,107.41305889798,0,20.1465377648757,0,0,54141.9700857105,4829.57829111459,-59303.5843258624,1,1,model_causal_reserve_1h_annual,0.762334239614537,0.130588870225083,0.107076890160379,1,179.826633421327,179.826633421327,0,0,0,0.89375,20,45636.779989431,0,116.753324889108,21.5833085322193,0,0,171.304,0,8.52263342132742
16,NORMAL,183.373470774166,183.373470774166,120.638208600895,20,16.1103573958197,110.987151912823,0,19.8312759706939,0,0,55271.0126739632,4900.51503817137,-60361.6901670584,1,1,model_causal_reserve_1h_annual,0.769628786290927,0.127592873802873,0.1027783399062,1,183.373470774166,183.373470774166,0,0,0,0.89375,20,45989.0787387705,0,120.638208600895,21.2452621732718,0,0,176.89,0,6.48347077416645
17,NORMAL,201.478215331254,201.478215331254,200,20,16.3075334981924,184,0,20.047002490694,0,0,129503.501245347,7107.24543564357,-109928.202000736,1,1,model_causal_reserve_1h_annual,0.846354735455482,0.0846354735455482,0.0690097909989702,1,201.478215331254,201.478215331254,0,0,61.487850211015,0.489224669664375,20,46341.3774881099,0,200,21.4760655422688,0,0,198.1168,0,3.36141533125378
18,NORMAL,233.8672,233.8672,200,20,16.5560018737607,184,0,20.3187880688154,0,0,129639.394034408,6781.28112567254,-122245.819421208,1,1,model_causal_reserve_1h_annual,0.845465760394154,0.0845465760394154,0.0699876635664305,1,233.8672,233.8672,0,0,29.0297167661501,0.298239690939704,20,46693.6762374493,0,200,21.7669167661501,0,0,233.8672,0,0
19,NORMAL,284.1412,284.1412,200,20,16.7475287135032,184,0,20.5283532837504,0,0,129744.176641875,6915.86962268804,-139748.77359012,1,1,model_causal_reserve_1h_annual,0.844781785418454,0.0844781785418454,0.0707400360397001,1,284.1412,284.1412,0,21.0200941594597,0,0.423046500011496,20,47045.9749867888,0,200,21.9911058405404,0,0,284.1412,0,0
20,NORMAL,337.7668,337.3022833164,200,20,16.0481304647299,184,0,19.7642756221001,0.464516683599697,0,129362.13781105,7979.09128901604,-156097.989053301,1,1,model_causal_reserve_1h_annual,0.847284829607595,0.0847284829607594,0.0679866874316456,1,337.7668,337.3022833164,0.464516683599697,75,0,0.868359000011496,20,47398.2737361282,0,200,21.1722833164003,0,0,337.7668,0,0
21,NORMAL,378.868,266.170255252808,200,20,15.699304156741,184,0,19.3833036153232,112.697744747192,0,129171.651807662,6556.45072774419,-134016.101930546,1,1,model_causal_reserve_1h_annual,0.848538780016929,0.0848538780016927,0.0666073419813787,1,378.868,266.170255252808,112.697744747192,4.27637894543232,0,0.89375,20,47750.5724854677,0,200,20.7638763073754,0,0,378.868,0,0
22,NORMAL,405.818,271.332560821064,200,20,24.9757919634804,184,0,28.1948178786622,134.485439178936,0,85737.4089393311,6659.69683910932,-89068.9046314883,1,1,model_causal_reserve_1h_annual,0.816407198429691,0.0816407198429692,0.101952081727339,1,405.818,271.332560821064,134.485439178936,0,0,0.89375,20,48102.8712348071,0,200,30.2025608210638,0,0,405.818,0,0
23,NORMAL,417.821202285986,270.084918681022,200,20,23.8556469357712,184,0,27.0304973373435,147.736283604963,0,85155.2486686717,6634.74399630849,-88511.6972036298,1,1,model_causal_reserve_1h_annual,0.820157345188228,0.0820157345188229,0.0978269202929489,1,417.821202285986,270.084918681022,147.736283604963,0,0,0.89375,20,48455.1699841465,0,200,28.9549186810225,0,0,416.598,1.22320228598591,0
24,NORMAL,418.708896984047,270.323092092604,200,20,23.7462962717866,184,0,26.9171495100771,148.385804891443,0,63018.5747550386,6639.50746454012,-66370.2598217649,1,1,model_causal_reserve_1h_annual,0.82052528821604,0.082052528821604,0.0974221829623559,1,418.708896984047,270.323092092604,148.385804891443,0,0,0.89375,20,48807.468733486,0,200,28.8330920926041,0,0,407.974,10.0928515537293,0.642045430317657
25,NORMAL,403.223447699215,272.039065297778,200,20,25.2869480252028,184,0,28.519016016789,131.184382401437,0,63819.5080083945,6673.8269286436,-67136.8736110174,1,1,model_causal_reserve_1h_annual,0.815371554052075,0.0815371554052074,0.103091290542718,1,403.223447699215,272.039065297778,131.184382401437,0,0,0.89375,20,49159.7674828254,0,200,30.549065297778,0,0,383.18,18.7107751458502,1.33267255336529
26,NORMAL,371.721150402731,269.360058286959,200,20,22.881644627644,184,0,26.0179604966526,102.361092115771,0,62568.9802483263,6620.24678842723,-65939.9259911656,1,1,model_causal_reserve_1h_annual,0.823446334557785,0.0823446334557785,0.0942090319864363,1,371.721150402731,269.360058286959,102.361092115771,0,0,0.89375,20,49512.0662321649,0,200,27.8700582869594,0,0,343.3528,26.205879733197,2.16247066953362
27,NORMAL,336.137483719948,270.085955447567,200,20,23.5333703165409,184,0,26.6955422835334,66.0515282723808,0,62907.7711417667,6634.76473163938,-66264.1989413938,1,1,model_causal_reserve_1h_annual,0.821242689410667,0.0821242689410666,0.096633041648266,1,336.137483719948,270.085955447567,66.0515282723808,0,0,0.89375,20,49864.3649815043,0,200,28.5959554475674,0,0,303.1336,29.6424683886943,3.36141533125378
28,NORMAL,304.28443342613,270.955921618615,200,20,24.3144473056148,184,0,27.5076143832411,33.3285118075156,0,63313.8071916205,6652.16405506033,-66652.8356678267,1,1,model_causal_reserve_1h_annual,0.81861716409189,0.081861716409189,0.0995211194989206,1,304.28443342613,270.955921618615,33.3285118075156,0,0,0.89375,20,50216.6637308437,0,200,29.4659216186146,0,0,267.3832,32.0790056675636,4.82222775856656
29,NORMAL,269.666241393465,269.666241393465,199.59491789352,20,23.520221663736,183.627324462039,0,26.6817306994051,0,0,62811.4232205919,6626.37045055734,-66176.245301301,1,1,model_causal_reserve_1h_annual,0.820989257423491,0.0822655472481991,0.0967451953283096,1,269.666241393465,269.666241393465,0,0,0,0.89375,20,50568.9624801832,0,199.59491789352,28.5813234999444,0,0,230.5156,32.6671706192983,6.48347077416645
30,NORMAL,245.498425362548,245.498425362548,174.78144709846,20,24.0999046294734,160.798931330583,0,27.2843957494351,0,0,57633.9413940575,6143.014129939,-61482.119795385,1,1,model_causal_reserve_1h_annual,0.798521416825454,0.0913737047131349,0.110104878461411,1,245.498425362548,245.498425362548,0,0,0,0.89375,20,50921.2612295226,0,174.78144709846,29.2269782640881,0,0,201.4684,27.6256970268215,16.4043283357266
31,NORMAL,227.567149061079,227.567149061079,157.409515872744,20,23.5977014483226,144.816754602924,0,26.7621515149911,0,0,70915.1074145483,5784.38860390961,-75121.9113419052,1,1,model_causal_reserve_1h_annual,0.783103800801916,0.0994989148476904,0.117397284350394,1,227.567149061079,227.567149061079,0,0,0,0.89375,20,51273.5599788621,0,157.409515872744,28.6676331883348,0,0,188.062,19.9184335592244,19.5867155018544
32,NORMAL,210.504552293024,210.504552293024,139.855098451693,20,24.0392674097697,128.666690575557,0,27.2212042532198,0,0,65330.6107338105,5443.13666854852,-69878.6665965285,1,1,model_causal_reserve_1h_annual,0.760518669490141,0.10875809003886,0.130723240470999,1,210.504552293024,210.504552293024,0,0,0,0.89375,20,51625.8587282015,0,139.855098451693,29.1594538413314,0,0,176.89,10.8799189487503,22.7346333442739
33,NORMAL,166.719249642899,166.719249642899,104.688458086498,20,15.5087824257549,96.3133814395781,0,19.1753759342978,0,0,49660.505285397,4567.43061554602,-55084.2672011175,1,1,model_causal_reserve_1h_annual,0.746722672314998,0.142656160184922,0.11062116750008,1,166.719249642899,166.719249642899,0,0,0,0.89375,20,51978.1574775409,0,104.688458086498,20.5407915564013,0,0,139.552,1.18358973690297,25.9836599059962
34,NORMAL,136.9747898688,136.9747898688,74.6141729204093,20,15.7905073709991,68.6450390867766,0,19.4832212125076,0,0,39853.8246774933,3972.54142006404,-45872.4757886958,1,1,model_causal_reserve_1h_annual,0.675824364723202,0.181151740553126,0.143023894723673,1,136.9747898688,136.9747898688,0,0,0,0.89375,20,52330.4562268804,0,74.6141729204093,20.8706169483909,0,0,107.8,0,29.1747898688002
35,NORMAL,109.9267898688,109.9267898688,47.7087727856007,20,15.6686957112733,43.8920709627526,0,19.3500456909544,0,0,30876.1683920682,3431.58142006404,-37435.7795032706,1,1,model_causal_reserve_1h_annual,0.572202222563154,0.239872958013229,0.187924819423617,1,109.9267898688,109.9267898688,0,0,0,0.89375,20,52682.7549762198,0,47.7087727856007,20.7280170831995,0,0,80.752,0,29.1747898688002
36,NORMAL,44.884,44.884,0,20,15.5840790765309,0,0,19.2575206141665,0,0,15028.7603070832,2636.97447689529,-16219.17652251,1,1,model_causal_reserve_1h_annual,0,0.562049110698802,0.437950889301198,1,44.884,44.884,0,0,16.8749618069084,0.782730514428234,20,53035.0537255593,0,0,20.6289618069085,0,0,44.884,0,0
37,NORMAL,28.3808,28.3808,0,20,16.9811294315886,0,0,20.7842721684675,0,0,15792.1360842337,2851.07279494816,-10143.0390916306,1,1,model_causal_reserve_1h_annual,0,0.540816365195066,0.459183634804934,1,28.3808,28.3808,0,0,35.0137057420042,0.552377187178206,20,53387.3524748987,0,0,22.2645057420042,0,0,28.3808,0,0
38,NORMAL,31.2032,31.2032,0,20,16.3301919860683,0,0,20.0728300104795,0,0,15436.4150052398,2799.98732360575,-11147.6706613762,1,1,model_causal_reserve_1h_annual,0,0.550506311876069,0.449493688123931,1,31.2032,31.2032,0,0,31.4292566972569,0.345605761538359,20,53739.6512242381,0,0,21.5024566972569,0,0,31.2032,0,0
39,NORMAL,88.396,88.396,25.963359773918,20,16.1595064006129,23.8862909920046,0,19.8862420144398,0,0,23942.1857643415,3000.96562268804,-30932.41267292,1,1,model_causal_reserve_1h_annual,0.417935639044331,0.3219426473951,0.260121713560569,1,88.396,88.396,0,0,0,0.345605761538359,20,54091.9499735776,0,25.963359773918,21.302640226082,0,0,88.396,0,0
40,NORMAL,195.810470669534,195.810470669534,133.36426074235,20,15.8635860763866,122.695119882962,0,19.5627898985142,0,0,59351.6381071235,5149.25503607871,-64193.5756023113,1,1,model_causal_reserve_1h_annual,0.788075149861117,0.118183859075052,0.0937409910638313,1,195.810470669534,195.810470669534,0,0,0,0.345605761538359,20,54444.248722917,0,133.36426074235,20.9562099271834,0,0,193.648,0,2.16247066953362
41,NORMAL,354.534615331254,337.347778558835,200,20,15.7795022637687,184,0,19.4708479550394,17.1868367724186,0,129215.42397752,7980.00119386474,-155950.365314921,1,1,model_causal_reserve_1h_annual,0.84825015779471,0.084825015779471,0.0669248264258191,1,354.534615331254,337.347778558835,17.1868367724186,75,0,0.790918261538359,20,54796.5474722565,0,200,20.8577785588352,0,0,351.1732,0,3.36141533125378
42,NORMAL,480.710227758567,280.392334961702,200,20,16.3992294811585,184,0,20.1480736750394,200.317892796865,0,129554.03683752,6840.89232192208,-138413.555166254,1,1,model_causal_reserve_1h_annual,0.846026446190005,0.0846026446190005,0.0693709091909943,1,480.710227758567,280.392334961702,200.317892796865,17.3190296356449,0,0.89375,20,55148.8462215959,0,200,21.5833053260572,0,0,475.888,0,4.82222775856656
43,NORMAL,554.597470774167,262.558273123925,200,20,15.9592918359939,184,0,19.6672336951372,292.039197650242,0,129313.616847569,6484.21108516653,-132820.598293669,1,1,model_causal_reserve_1h_annual,0.847603832185647,0.0847603832185647,0.0676357845957879,1,554.597470774167,262.558273123925,292.039197650242,0,0,0.89375,20,55501.1449709353,0,200,21.0682731239246,0,0,548.114,0,6.48347077416645
44,NORMAL,596.914633421327,263.226521140944,200,20,16.5300930914909,184,0,20.2909854338837,333.688112280384,0,129625.492716942,6497.57604550691,-133119.109202701,1,1,model_causal_reserve_1h_annual,0.845558370125188,0.0845558370125188,0.0698857928622935,1,596.914633421327,263.226521140944,333.688112280384,0,0,0.89375,20,55853.4437202748,0,200,21.7365211409437,0,0,588.392,0,8.52263342132742
45,NORMAL,605.538633421327,262.464084160319,200,20,15.8788262142854,184,0,19.579196733219,343.074549261009,0,129269.598366609,6482.32730589442,-132778.463591982,1,1,model_causal_reserve_1h_annual,0.847892976278884,0.0847892976278884,0.067317726093228,1,605.538633421327,262.464084160319,343.074549261009,0,0,0.89375,20,56205.7424696142,0,200,20.9740841603189,0,0,597.016,0,8.52263342132742
46,NORMAL,606.635470774166,270.280798871897,200,20,23.708195956244,184,0,26.8759820432515,336.35467190227,0,85077.9910216257,6638.66160012597,-88430.5219527663,1,1,model_causal_reserve_1h_annual,0.82065356569259,0.082065356569259,0.0972810777381512,1,606.635470774166,270.280798871897,336.35467190227,0,0,0.89375,20,56558.0412189537,0,200,28.7907988718967,0,0,600.152,0,6.48347077416645
47,NORMAL,602.160518878961,272.145064426167,200,20,25.381989641335,184,0,28.6161776031624,330.015454452793,0,85948.0888015812,6675.94691121139,-89263.3344216363,1,1,model_causal_reserve_1h_annual,0.81505574346484,0.081505574346484,0.103438682188676,1,602.160518878961,272.145064426167,330.015454452793,0,0,0.89375,20,56910.3399682931,0,200,30.6550644261674,0,0,594.664,2.67429112039414,4.82222775856656
48,NORMAL,610.08885020928,269.500015237995,200,20,23.3303921496793,184,0,26.4830329660831,340.588834971285,0,62801.5164830416,6623.04592744795,-66169.6630868601,1,1,model_causal_reserve_1h_annual,0.821927742905927,0.0821927742905927,0.0958794828034804,1,610.08885020928,269.500015237995,340.588834971285,0,0,0.89375,20,57262.6387176325,0,200,28.3700152379953,0,0,590.352,19.7368502092799,0
49,NORMAL,614.587903583959,269.127003822807,200,20,22.9955178359181,184,0,26.1351652575712,345.460899761152,0,62627.5826287856,6615.58569914418,-66003.1894609079,1,1,model_causal_reserve_1h_annual,0.823060448938195,0.0823060448938195,0.094633506167985,1,614.587903583959,269.127003822807,345.460899761152,0,0,0.89375,20,57614.937466972,0,200,27.997003822807,0,0,576.142,38.4459035839587,0
50,NORMAL,609.287714921247,271.023322549737,200,20,24.6981176707201,184,0,27.9057323266445,338.26439237151,0,63512.8661633223,6653.51207368278,-66850.546620906,1,1,model_causal_reserve_1h_annual,0.81733362685336,0.081733362685336,0.100933010461304,1,609.287714921247,271.023322549737,338.26439237151,0,0,0.89375,20,57967.2362163114,0,200,29.8933225497373,0,0,554.582,54.7057149212471,0
51,NORMAL,614.22463509098,271.526163657483,200,20,25.1496118123887,184,0,28.3755019093932,342.698471433497,0,63747.7509546966,6663.56889583769,-67075.3745901254,1,1,model_causal_reserve_1h_annual,0.81582833650603,0.081582833650603,0.102588829843367,1,614.22463509098,271.526163657483,342.698471433497,0,0,0.89375,20,58319.5349656508,0,200,30.3961636574825,0,0,550.27,63.9546350909795,0
52,NORMAL,604.000263851053,269.243641277597,200,20,23.1003165425542,184,0,26.2450508849936,334.756622573456,0,62682.5254424968,6617.91844823998,-66055.7995255233,1,1,model_causal_reserve_1h_annual,0.822705633807722,0.0822705633807722,0.0950238028115053,1,604.000263851053,269.243641277597,334.756622573456,0,0,0.89375,20,58671.8337149903,0,200,28.1136412775969,0,0,538.412,65.5882638510529,0
53,NORMAL,565.044069653882,268.652750565008,200,20,22.5698245179775,184,0,25.6937619703017,296.391319088874,0,62406.8809851509,6606.10063398819,-65791.9728824292,1,1,model_causal_reserve_1h_annual,0.8245048632798,0.08245048632798,0.0930446503922204,1,565.044069653882,268.652750565008,296.391319088874,0,0,0.89375,20,59024.1324643297,0,200,27.5227505650075,0,0,500.682,64.3620696538819,0
54,NORMAL,500.194953616334,270.305647196958,200,20,24.0538696708719,184,0,27.2371650910594,229.889306419376,0,63178.5825455297,6639.1585666272,-66530.616510169,1,1,model_causal_reserve_1h_annual,0.81949120605921,0.081949120605921,0.0985596733348691,1,500.194953616334,270.305647196958,229.889306419376,0,0,0.89375,20,59376.4312136692,0,200,29.1756471969581,0,0,448.938,51.2569536163339,0
55,NORMAL,426.62539213287,270.64569826112,200,20,24.3592045426781,184,0,27.5549742002339,155.97969387175,0,85417.487100117,6645.95958791044,-88762.720043473,1,1,model_causal_reserve_1h_annual,0.818467224814809,0.0818467224814808,0.0996860527037101,1,426.62539213287,270.64569826112,155.97969387175,0,0,0.89375,20,59728.7299630086,0,200,29.5156982611201,0,0,388.57,38.0553921328704,0
56,NORMAL,349.49903823979,271.592312599239,200,20,25.2091331489696,184,0,28.439068001023,77.906725640551,0,85859.5340005115,6664.89187467281,-89185.8346571052,1,1,model_causal_reserve_1h_annual,0.815630304759064,0.0815630304759064,0.10280666476503,1,349.49903823979,271.592312599239,77.906725640551,0,0,0.89375,20,60081.028712348,0,200,30.4623125992388,0,0,329.9464,19.5526382397899,0
57,NORMAL,273.096872913157,262.730717184769,200,20,16.4142925931254,184,0,20.1662990188565,10.3661557283882,0,81723.1495094282,6487.65996638341,-85226.6820743113,1,1,model_causal_reserve_1h_annual,0.845972541703325,0.0845972541703325,0.069430204126342,1,273.096872913157,262.730717184769,10.3661557283882,0,0,0.89375,20,60433.3274616875,0,200,21.6007171847687,0,0,271.852,1.24487291315695,0
58,NORMAL,227.164,227.164,165.258755626673,20,15.7092125397785,152.038055176539,0,19.3958901225689,0,0,69831.6449248385,5776.32562268804,-74046.511833417,1,1,model_causal_reserve_1h_annual,0.822313909696283,0.099518347040435,0.0781677432632815,1,227.164,227.164,0,0,0,0.89375,20,60785.6262110269,0,165.258755626673,20.775244373327,0,0,227.164,0,0
59,NORMAL,207.19725859082,207.19725859082,144.167118811015,20,16.3625979379244,132.633749306134,0,20.110257616689,0,0,63203.2785585526,5376.99079450444,-67817.4802953147,1,1,model_causal_reserve_1h_annual,0.798578324982953,0.110785084916595,0.0906365901004524,1,207.19725859082,207.19725859082,0,0,0,0.89375,20,61137.9249603664,0,144.167118811015,21.5401397798052,0,0,207.0544,0,0.142858590820011
60,NORMAL,213.767415331254,213.767415331254,151.011329133153,20,16.1285305550483,138.930422802501,0,19.8546497113091,0,0,65342.2770645548,5508.39392931311,-69825.0756665082,1,1,model_causal_reserve_1h_annual,0.806943691123617,0.106871940768378,0.0861843681080048,1,213.767415331254,213.767415331254,0,0,0,0.89375,20,61490.2237097058,0,151.011329133153,21.266086198101,0,0,210.406,0,3.36141533125378
61,NORMAL,242.041027758567,242.041027758567,179.355562386915,20,16.0682322509321,165.007117395961,0,19.7889685680434,0,0,74697.0465465678,6073.86617785937,-78614.3728999749,1,1,model_causal_reserve_1h_annual,0.832570806249295,0.0928402548735268,0.0745889388771782,1,242.041027758567,242.041027758567,0,0,0,0.89375,20,61842.5224590452,0,179.355562386915,21.1954653716519,0,0,237.2188,0,4.82222775856656
62,NORMAL,266.046270774166,262.515423615742,200,20,15.9230103513464,184,0,19.6304610461497,3.53084715842425,0,81455.2305230748,6483.35409500288,-84963.0689593385,1,1,model_causal_reserve_1h_annual,0.847734181172712,0.0847734181172712,0.0674924007100164,1,266.046270774166,262.515423615742,3.53084715842425,0,0,0.89375,20,62194.8212083847,0,200,21.0254236157422,0,0,259.5628,0,6.48347077416645
63,NORMAL,269.202633421327,263.809660468447,200,20,17.0285533764668,184,0,20.83909582345,5.3929729528806,0,82059.547911725,6509.23883205698,-85541.5016109345,1,1,model_causal_reserve_1h_annual,0.843780199267152,0.0843780199267153,0.0718417808061325,1,269.202633421327,263.809660468447,5.3929729528806,0,0,0.89375,20,62547.1199577241,0,200,22.3196604684468,0,0,260.68,0,8.52263342132742
64,NORMAL,250.405470774166,250.405470774166,188.201301424252,20,15.6571923523796,173.145197310312,0,19.3403510784365,0,0,77402.4465709306,6241.15503817137,-81152.4840640257,1,1,model_causal_reserve_1h_annual,0.840715481683001,0.0893421538874294,0.0699423644295691,1,250.405470774166,250.405470774166,0,0,0,0.89375,20,62899.4187070636,0,188.201301424252,20.7141693499142,0,0,243.922,0,6.48347077416645
65,NORMAL,252.869415331254,252.869415331254,200,20,15.858628753514,184,0,19.5607570684747,0,0,129260.378534237,6577.55039593593,-129178.25176016,1,1,model_causal_reserve_1h_annual,0.847965584540948,0.0847965584540948,0.0672378570049569,1,252.869415331254,252.869415331254,0,0,9.57054888742708,0.830785862582717,20,63251.717456403,0,200,20.9499642186809,0,0,249.508,0,3.36141533125378
66,NORMAL,278.5552,273.477541220016,200,20,16.5360988227752,184,0,20.3015164707726,5.07765877998446,0,129630.758235386,6702.59644708835,-136415.123228972,1,1,model_causal_reserve_1h_annual,0.845536901113137,0.0845536901113137,0.0699094087755495,1,278.5552,273.477541220016,5.07765877998446,10.6044863018583,0,0.89375,20,63604.0162057424,0,200,21.7430549181573,0,0,278.5552,0,0
67,NORMAL,319.8916,262.610377777549,200,20,16.3117487473195,184,0,20.0565105013303,57.2812222224509,0,129508.255250665,6485.25317823902,-133014.194603693,1,1,model_causal_reserve_1h_annual,0.846339638465684,0.0846339638465686,0.0690263976877472,1,319.8916,262.610377777549,57.2812222224509,0,0,0.89375,20,63956.3149550819,0,200,21.480377777549,0,0,319.8916,0,0
68,NORMAL,364.5796,261.492228669766,200,20,15.3566709698028,184,0,19.0127226846459,103.087371330234,0,128986.361342323,6462.89019608336,-132514.663677506,1,1,model_causal_reserve_1h_annual,0.849774086181143,0.0849774086181142,0.0652485052007432,1,364.5796,261.492228669766,103.087371330234,0,0,0.89375,20,64308.6137044213,0,200,20.3622286697663,0,0,364.5796,0,0
69,NORMAL,407.974,262.627578877859,200,20,16.3264913086351,184,0,20.0730838078961,145.346421122141,0,129516.541903948,6485.59720024522,-133022.137234969,1,1,model_causal_reserve_1h_annual,0.846286841955463,0.0846286841955463,0.0690844738489905,1,407.974,262.627578877859,145.346421122141,0,0,0.89375,20,64660.9124537608,0,200,21.4975788778592,0,0,407.974,0,0
70,NORMAL,442.47,270.28317961528,200,20,24.0341150820191,184,0,27.221748576316,172.18682038472,0,85250.874288158,6638.70921499365,-88603.3576044309,1,1,model_causal_reserve_1h_annual,0.819557543963805,0.0819557543963805,0.0984867016398149,1,442.47,270.28317961528,172.18682038472,0,0,0.89375,20,65013.2112031002,0,200,29.1531796152805,0,0,442.47,0,0
71,NORMAL,468.068612825203,270.231232879462,200,20,23.987501757921,184,0,27.1735902191374,197.83737994574,0,85226.7951095687,6637.67028027729,-88580.3173605579,1,1,model_causal_reserve_1h_annual,0.819714118793001,0.0819714118793001,0.0983144693276988,1,468.068612825203,270.231232879462,197.83737994574,0,0,0.89375,20,65365.5099524396,0,200,29.1012328794624,0,0,466.186,1.88261282520278,0
72,NORMAL,493.921704605448,270.600132356873,200,20,23.9955180837853,184,0,27.1822471659145,223.321572248575,0,63151.1235829573,6645.0482698255,-66497.2678443985,1,1,model_causal_reserve_1h_annual,0.819687187579086,0.0819687187579086,0.0983440936630052,1,493.921704605448,270.600132356873,223.321572248575,0,0,0.89375,20,65717.8087017791,0,200,29.110132356873,0,0,478.044,15.2356591751301,0.642045430317657
73,NORMAL,517.224464290804,269.505910594201,200,20,23.0131098675939,184,0,26.1607086347808,247.718553696604,0,62640.3543173904,6623.16383457205,-66008.383014085,1,1,model_causal_reserve_1h_annual,0.823000866533375,0.0823000866533375,0.0946990468132875,1,517.224464290804,269.505910594201,247.718553696604,0,0,0.89375,20,66070.1074511185,0,200,28.0159105942007,0,0,483.434,32.4577917374392,1.33267255336529
74,NORMAL,543.098009873219,271.501109799535,200,20,24.8044789196344,184,0,28.0240178454521,271.596900073684,0,63572.008922726,6663.06781867874,-66900.133635314,1,1,model_causal_reserve_1h_annual,0.816978516417001,0.0816978516417001,0.101323631941299,1,543.098009873219,271.501109799535,271.596900073684,0,0,0.89375,20,66422.406200458,0,200,30.011109799535,0,0,493.136,47.7995392036854,2.16247066953362
75,NORMAL,541.853195615251,270.60444095992,200,20,23.9994370950945,184,0,27.1869434957044,271.248754655331,0,63153.4717478522,6645.13444188643,-66499.5298372325,1,1,model_causal_reserve_1h_annual,0.819674022125114,0.0819674022125114,0.0983585756623741,1,541.853195615251,270.60444095992,271.248754655331,0,0,0.89375,20,66774.7049497974,0,200,29.1144409599195,0,0,483.434,55.0577802839971,3.36141533125378
76,NORMAL,512.400053047406,270.984277272928,200,20,24.340483188969,184,0,27.5418603525184,241.415775774478,0,63330.9301762592,6652.7311681466,-66669.3915393793,1,1,model_causal_reserve_1h_annual,0.818529935726301,0.0818529935726301,0.0996170707010693,1,512.400053047406,270.984277272928,241.415775774478,0,0,0.89375,20,67127.0036991369,0,200,29.494277272928,0,0,448.938,58.6398252888397,4.82222775856656
77,NORMAL,443.517922697826,269.378343005166,200,20,22.8986435604046,184,0,26.0424481779795,174.13957969266,0,62581.2240889897,6620.61248279136,-65951.8041374651,1,1,model_causal_reserve_1h_annual,0.82338870678075,0.082338870678075,0.0942724225411745,1,443.517922697826,269.378343005166,174.13957969266,0,0,0.89375,20,67479.3024484763,0,200,27.8883430051659,0,0,396.116,40.9184519236591,6.48347077416645
78,NORMAL,406.995403668959,270.976519922025,200,20,24.3335521285792,184,0,27.5350709875166,136.018883746934,0,63327.5354937583,6652.57602112854,-66666.1520038965,1,1,model_causal_reserve_1h_annual,0.81855315513422,0.0818553155134221,0.0995915293523578,1,406.995403668959,270.976519922025,136.018883746934,0,0,0.89375,20,67831.6011978158,0,200,29.4865199220249,0,0,345.5872,45.0038753332323,16.4043283357266
79,NORMAL,347.000639634695,270.728795287778,200,20,24.1111538364567,184,0,27.3039663652195,76.2718443469172,0,85291.9831826097,6647.6215284436,-88635.5541854328,1,1,model_causal_reserve_1h_annual,0.819298900754002,0.0819298900754002,0.0987712091705979,1,347.000639634695,270.728795287778,76.2718443469172,0,0,0.89375,20,68183.8999471552,0,200,29.2387952877783,0,0,297.5476,29.8663241328411,19.5867155018544
80,NORMAL,294.188211996066,263.347629586291,200,20,16.6342442465359,184,0,20.4114055500593,30.8405824097758,0,81845.7027750297,6499.99821441385,-85336.8970918825,1,1,model_causal_reserve_1h_annual,0.845186209784714,0.0845186209784715,0.0702951692368142,1,294.188211996066,263.347629586291,30.8405824097758,0,0,0.89375,20,68536.1986964947,0,200,21.8576295862905,0,0,257.3284,14.1251786517925,22.7346333442739
81,NORMAL,289.035065989744,262.52444726511,200,20.0000000000001,15.9311108545317,184,0,19.6428517251335,26.5106187246348,0,81461.4258625668,6483.53456799023,-84969.0838258432,1,1,model_causal_reserve_1h_annual,0.84770507490771,0.0847705074907712,0.0675244176015191,1,289.035065989744,262.52444726511,26.5106187246348,0,0,0.89375,20.0000000000001,68888.4974458341,0,200,21.0344472651095,0,0,261.7972,1.25420608374818,25.9836599059962
82,NORMAL,252.9871898688,252.9871898688,189.656838011049,20,16.619517947169,174.484290970165,0,20.3956076617516,0,0,78412.1485801353,6292.78942006404,-82110.5516913379,1,1,model_causal_reserve_1h_annual,0.838164629299887,0.0883874937587071,0.0734478769414061,1,252.9871898688,252.9871898688,0,0,0,0.89375,20,69240.7961951735,0,189.656838011049,21.840351857751,0,0,223.8124,0,29.1747898688002
83,NORMAL,199.3615898688,199.3615898688,136.48614016901,20,16.230963334125,125.56724895549,0,19.9709622063053,0,0,60589.6907271289,5220.27742006404,-65360.6058383316,1,1,model_causal_reserve_1h_annual,0.790229441096045,0.115796291127803,0.0939742677761521,1,199.3615898688,199.3615898688,0,0,0,0.89375,20,69593.094944513,0,136.48614016901,21.3854496997899,0,0,170.1868,0,29.1747898688002
84,NORMAL,166.8352,166.8352,103.700856061306,20,16.7596298887982,95.4047875764011,0,20.5490908168492,0,0,50020.268935929,4569.74962268804,-55441.7118445076,1,1,model_causal_reserve_1h_annual,0.738292021132146,0.142388799702036,0.119319179165818,1,166.8352,166.8352,0,0,0,0.89375,20,69945.3936938524,0,103.700856061306,22.0043439386946,0,0,166.8352,0,0
85,NORMAL,208.1716,208.1716,145.282651543726,20,16.5500324467317,133.660039420228,0,20.3200922246633,0,0,63677.6603036138,5396.47762268804,-68272.3752121925,1,1,model_causal_reserve_1h_annual,0.798990854423896,0.109991226885534,0.0910179186905702,1,208.1716,208.1716,0,0,0,0.89375,20,70297.6924431919,0,145.282651543726,21.7589484562737,0,0,208.1716,0,0
86,NORMAL,253.9768,253.9768,192.165249259161,20.0000000000004,15.6297534085284,176.792029318428,0,19.3140991042885,0,0,78702.1801067784,6312.58162268806,-82380.7910153571,1,1,model_causal_reserve_1h_annual,0.843588520418484,0.0877982386170983,0.0686132409644178,1,253.9768,253.9768,0,0,0,0.89375,20.0000000000004,70649.9911925313,0,192.165249259161,20.6815507408388,0,0,253.9768,0,0
87,NORMAL,277.438,261.946410770203,200,19.9999999999996,15.7449643296918,184,0,19.4402027171756,15.4915892297967,0,81360.1013585878,6471.97383809208,-84879.320051762,1,1,model_causal_reserve_1h_annual,0.848374431108943,0.0848374431108924,0.0667881257801645,1,277.438,261.946410770203,15.4915892297967,0,0,0.89375,19.9999999999996,71002.2899418708,0,200,20.8164107702036,0,0,277.438,0,0
88,NORMAL,301.944470669534,262.25552172747,200,19.9999999999996,15.7015119142831,184,0,19.3928380925226,39.6889489420637,0,81336.4190462613,6478.15605723741,-84849.4555202902,1,1,model_causal_reserve_1h_annual,0.848530831964853,0.0848530831964834,0.0666160848386636,1,301.944470669534,262.25552172747,39.6889489420637,0,0,0.89375,19.9999999999996,71354.5886912102,0,200,20.7655217274699,0,0,299.782,0,2.16247066953362
89,NORMAL,344.479815331254,263.07633281578,200,19.9999999999996,16.4026508783973,184,0,20.1595566879929,81.4034825154739,0,129559.778343996,6494.57227900361,-133056.398596259,1,1,model_causal_reserve_1h_annual,0.84601420185799,0.0846014201857972,0.0693843779562128,1,344.479815331254,263.07633281578,81.4034825154739,0,0,0.89375,19.9999999999996,71706.8874405496,0,200,21.5863328157797,0,0,341.1184,0,3.36141533125378
90,NORMAL,381.534227758566,261.612162531538,200,19.9999999999998,15.1519997555517,184,58.5943279901775,18.7923177050546,119.922065227028,0,130537.893994329,6554.06815815239,-132296.498022189,1,1,model_causal_reserve_1h_annual,0.850513711165148,0.085051371116514,0.0644349177183385,1,381.534227758566,261.612162531538,119.922065227028,0,0,0.89375,19.9999999999998,72000,0,200,20.1221625315389,0,0,376.712,0,4.82222775856656
91,NORMAL,400.443470774166,262.271479273493,200,20,15.7151906921536,184,348.775761846045,19.4082213388042,138.171991500673,0,139075.391275356,7006.92333216706,-132068.467943189,1,1,model_causal_reserve_1h_annual,0.848481590909438,0.0848481590909438,0.0666702499996182,1,400.443470774166,262.271479273493,138.171991500673,0,0,0.89375,20,72000,0,200,20.7814792734935,0,0,393.96,0,6.48347077416645
92,NORMAL,388.468633421327,262.852120302798,200,20,16.2111801756109,184,348.775761846045,19.9506577789268,125.61651311853,0,139346.609495417,7018.53615275315,-132328.073342664,1,1,model_causal_reserve_1h_annual,0.846699973520772,0.0846699973520772,0.068630029127151,1,388.468633421327,262.852120302798,125.61651311853,0,0,0.89375,20,72000,0,200,21.362120302798,0,0,379.946,0,8.52263342132742
93,NORMAL,355.227033421327,263.267517223855,200,20,16.5660220215283,184,348.775761846045,20.3387759897171,91.9595161974724,0,139540.668600812,7026.8440911743,-132513.824509638,1,1,model_causal_reserve_1h_annual,0.845429949284092,0.0845429949284092,0.0700270557874989,1,355.227033421327,263.267517223855,91.9595161974724,0,0,0.89375,20,72000,0,200,21.7775172238552,0,0,346.7044,0,8.52263342132742
94,NORMAL,320.789070774166,261.992121036417,200,20,15.4766164808449,184,348.775761846045,19.1477974541742,58.7969497377492,0,91105.179333041,7001.33616742555,-84103.8431656154,1,1,model_causal_reserve_1h_annual,0.849341233915127,0.0849341233915127,0.0657246426933601,1,320.789070774166,261.992121036417,58.7969497377492,0,0,0.89375,20,72000,0,200,20.5021210364168,0,0,314.3056,0,6.48347077416645
95,NORMAL,289.461372914544,263.121978746199,200,20,16.4417372486414,184,348.775761846045,20.2031860834308,26.3393941683453,0,91632.8736476693,7023.93332162117,-84608.9403260481,1,1,model_causal_reserve_1h_annual,0.845874346582391,0.0845874346582391,0.0695382187593696,1,289.461372914544,263.121978746199,26.3393941683453,0,0,0.89375,20,72000,0,200,21.6319787461991,0,0,283.024,1.61514515597752,4.82222775856656
96,NORMAL,272.398784898741,262.641475092574,200,20,16.3388208891177,184,348.775761846045,20.0908075278906,9.75730980616663,0,69496.6843698991,7014.32324854868,-62482.3611213504,1,1,model_causal_reserve_1h_annual,0.846242691943671,0.0846242691943671,0.0691330388619624,1,272.398784898741,262.641475092574,9.75730980616663,0,0,0.89375,20,72000,0,200,21.5114750925742,0,0,258.4456,13.9531848987407,0
97,NORMAL,255.316492189923,255.316492189923,186.107072758173,20,23.0705125641209,171.218506937519,348.775761846045,26.2249211114541,0,0,69496.1828266855,6867.82359049567,-62628.3592361898,1,1,model_causal_reserve_1h_annual,0.812064899350647,0.0872685693580107,0.100666531291342,1,255.316492189923,255.316492189923,0,0,0,0.89375,20,72000,0,186.107072758173,28.0794194317504,0,0,227.164,28.1524921899234,0
98,NORMAL,240.304471974163,240.304471974163,170.428209481398,20,23.6692186416149,156.793952722886,348.775761846045,26.8476525385312,0,0,66345.655528712,6567.58318618047,-59778.0723425316,1,1,model_causal_reserve_1h_annual,0.796031091898385,0.0934154145397242,0.110553493561891,1,240.304471974163,240.304471974163,0,0,0,0.89375,20,72000,0,170.428209481398,28.7462624927655,0,0,199.234,41.0704719741633,0
99,NORMAL,213.783128056157,213.783128056157,142.848438350713,20,24.6195031373439,131.420563282656,348.775761846045,27.8361008733824,0,0,60750.2662304825,6037.15630782034,-54713.1099226622,1,1,model_causal_reserve_1h_annual,0.761988621717562,0.106684907516703,0.131326470765735,1,213.783128056157,213.783128056157,0,0,0,0.89375,20,72000,0,142.848438350713,29.8046897054437,0,0,164.6008,49.1823280561572,0
100,NORMAL,187.814012185057,187.814012185057,117.552505185763,20,24.0150924443592,108.148304770902,348.775761846045,27.2073105502104,0,0,54850.5290260754,5517.77399039834,-49332.7550356771,1,1,model_causal_reserve_1h_annual,0.727574754530154,0.123787196773119,0.148638048696727,1,187.814012185057,187.814012185057,0,0,0,0.89375,20,72000,0,117.552505185763,29.131506999295,0,0,134.26,53.5540121850569,0
101,NORMAL,165.060788219862,165.060788219862,94.6690290689721,20,24.1320316262752,87.0955067434544,348.775761846045,27.3288878715533,0,0,49858.6461601596,5062.70951109444,-44795.9366490651,1,1,model_causal_reserve_1h_annual,0.682048311409004,0.14409111789075,0.173860570700246,1,165.060788219862,165.060788219862,0,0,0,0.89375,20,72000,0,94.6690290689721,29.2617591508895,0,0,117.208,47.8527882198621,0
102,NORMAL,148.685873127134,148.685873127134,84.8426961291179,20,17.3652692224978,78.0552804387885,348.775761846045,21.212813704974,0,0,44630.9547637501,4735.21120923987,-39895.7435545102,1,1,model_causal_reserve_1h_annual,0.694248495873483,0.16365545357421,0.142096050552308,1,148.685873127134,148.685873127134,0,0,0,0.89375,20,72000,0,84.8426961291179,22.7131769980164,0,0,102.508,46.1778731271338,0
103,NORMAL,121.842606540853,121.842606540853,58.6023134595289,20,16.8502873335912,53.9141283827666,348.775761846045,20.6497005098488,0,0,45025.2170786742,4198.34587751426,-40826.87120116,1,1,model_causal_reserve_1h_annual,0.613941505758875,0.20952807816465,0.176530416076475,1,121.842606540853,121.842606540853,0,0,0,0.89375,20,72000,0,58.6023134595289,22.1102930813246,0,0,88.984,32.8586065408529,0
104,NORMAL,90.5355999864313,90.5355999864313,28.0967543668812,20,16.1656973557929,25.8490140175307,348.775761846045,19.9011441843166,0,0,34547.4977444232,3572.20574642583,-30975.2919979974,1,1,model_causal_reserve_1h_annual,0.437218836407507,0.311223731181474,0.251557432411018,1,90.5355999864313,90.5355999864313,0,0,0,0.89375,20,72000,0,28.0967543668812,21.3088456195506,0,0,73.108,17.4275999864313,0
105,NORMAL,59.7743658334165,59.7743658334165,0,20,16.439149295404,0,348.775761846045,20.2000806271642,0,0,25391.320919536,3046.51960096891,-21254.6303519574,1,1,model_causal_reserve_1h_annual,0,0.548860233752015,0.451139766247985,1,59.7743658334165,59.7743658334165,0,0,2.98461792011277,0.874114355788732,20,72000,0,0,21.6289837535292,0,0,57.232,2.54236583341648,0
106,NORMAL,44.884,44.884,0,20.0000000000005,15.6941806535289,0,348.775761846053,19.3855113383541,0,0,24984.0362751311,3169.25918987312,-15604.2630929061,1,1,model_causal_reserve_1h_annual,0,0.560315424918512,0.439684575081488,1,44.884,44.884,0,0,17.0028481058625,0.762253512987005,20.0000000000005,72000,0,0,20.7568481058617,0,0,44.884,0,0
107,NORMAL,32.09085859082,32.09085859082,0,20,16.066818056291,0,348.775761846045,19.792894085033,0,0,25187.7276484704,3321.07829880494,-10692.4289650656,1,1,model_causal_reserve_1h_annual,0,0.554526323025922,0.445473676974078,1,32.09085859082,32.09085859082,0,0,30.5922460097113,0.560988736607325,20,72000,0,0,21.1931046005321,0,0,31.948,0,0.142858590820011
108,NORMAL,31.4286153312538,31.4286153312538,0,20,17.112617216406,0,348.775761846045,20.9362774031176,0,0,25759.4193075126,3364.43058220707,-10531.6732332696,1,1,model_causal_reserve_1h_annual,0,0.538900285134264,0.461099714865736,1,31.4286153312538,31.4286153312538,0,0,32.4788176294933,0.347312304834343,20,72000,0,0,22.4174329607468,0,0,28.0672,0,3.36141533125378
109,NORMAL,31.6350277585666,31.6350277585666,0,20,16.4122582396312,0,348.775761846045,20.1704903155742,0,0,25376.525763741,3337.76924953351,-10550.317677725,1,1,model_causal_reserve_1h_annual,0,0.54926557612491,0.45073442387509,1,31.6350277585666,31.6350277585666,0,0,31.4524982554994,0.140387974206057,20,72000,0,0,21.5975260140661,0,0,26.8128,0,4.82222775856656
110,NORMAL,36.1186707741665,36.1186707741665,0,0,14.6235307868533,0,0,18.5081628605591,0,0,14654.0814302795,878.042577862949,-11880.6985244963,1,1,model_causal_reserve_1h_annual,0,0,1,1,36.1186707741665,36.1186707741665,0,0,5.18897207932068,0.10625,0,72000,0,0,19.8176428534869,0,0,29.6352,0,6.48347077416645
111,NORMAL,63.9906334213274,63.9906334213274,21.163411728729,0,16.1899001746326,19.4703387904307,0,19.9272812206191,0,0,22372.9625748646,1279.81266842655,-21093.1499064381,1,1,model_causal_reserve_1h_annual,0.566573903365832,0,0.433426096634168,1,63.9906334213274,63.9906334213274,0,0,0,0.10625,0,72000,0,21.163411728729,21.3372216925983,0,0,55.468,0,8.52263342132742
112,NORMAL,100.171470774166,100.171470774166,56.3611064289785,0,17.0296819701267,51.8522179146602,0,20.8454044090451,0,0,34489.5006538002,2003.42941548333,-32486.0712383169,1,1,model_causal_reserve_1h_annual,0.767958863208855,0,0.232041136791145,1,100.171470774166,100.171470774166,0,0,0,0.10625,0,72000,0,56.3611064289785,22.3203643451875,0,0,93.688,0,6.48347077416645
113,NORMAL,153.438615331254,153.438615331254,126.914199619042,0,0,116.761063649519,0,4.7017224122999,0,0,80142.7206688517,3068.77230662508,-77073.9483622267,1,1,model_causal_reserve_1h_annual,1,0,0,1,153.438615331254,153.438615331254,0,0,0,0.10625,0,72000,0,126.914199619042,5.03441571221161,0,0,150.0772,0,3.36141533125378
114,NORMAL,257.3284,257.3284,200,0,16.5924577690667,184,0,20.3672736254811,0,0,129663.636812741,5146.568,-129260.69394703,1,1,model_causal_reserve_1h_annual,0.923393187648493,0,0.0766068123515075,1,257.3284,257.3284,0,14.3898836168357,0,0.191689933974962,0,72000,0,200,21.8085163831647,0,0,257.3284,0,0
115,NORMAL,333.298,317.296652564642,200,0,16.0441825334725,184,0,19.7677765228688,16.0013474353576,0,129363.888261434,6345.93305129285,-147741.705210142,1,1,model_causal_reserve_1h_annual,0.925736567653301,0,0.0742634323466992,1,333.298,317.296652564642,16.0013474353576,75,0,0.637002433974962,0,72000,0,200,21.1666525646423,0,0,333.298,0,0
116,NORMAL,378.868,285.09583550502,200,0,15.6661913616298,184,0,19.3544586228811,93.7721644949798,0,129157.229311441,5701.9167101004,-137709.93746705,1,1,model_causal_reserve_1h_annual,0.927359076252426,0,0.0726409237475737,1,378.868,285.09583550502,93.7721644949798,43.2416953305328,0,0.89375,0,72000,0,200,20.7241401744873,0,0,378.868,0,0
117,NORMAL,407.974,242.427371453696,200,0,16.1558302673474,184,0,19.8897524409228,165.546628546304,0,129424.876220461,4848.54742907391,-124576.328791387,1,1,model_causal_reserve_1h_annual,0.92525841080777,0,0.0747415891922297,1,407.974,242.427371453696,165.546628546304,0,0,0.89375,0,72000,0,200,21.2973714536952,0,0,407.974,0,0
118,NORMAL,407.974,242.362027871527,200,0,16.1000097790796,184,0,19.8286758419563,165.611972128473,0,81554.3379209782,4847.24055743053,-76707.0973635476,1,1,model_causal_reserve_1h_annual,0.925497413000866,0,0.0745025869991343,1,407.974,242.362027871527,165.611972128473,0,0,0.89375,0,72000,0,200,21.2320278715264,0,0,407.974,0,0
119,NORMAL,390.107772526031,242.843356198989,200,0,16.5111478827482,184,0,20.2781373135278,147.264416327042,0,81779.0686567639,4856.86712397977,-76922.2015327842,1,1,model_causal_reserve_1h_annual,0.923739964227201,0,0.076260035772799,1,390.107772526031,242.843356198989,147.264416327042,0,0,0.89375,0,72000,0,200,21.7133561989884,0,0,388.57,1.53777252603069,0
120,NORMAL,373.058497809154,243.343696221041,200,0,16.6310192797591,184,0,20.409147756783,129.714801588114,0,59764.5738783915,4866.87392442082,-54897.6999539707,1,1,model_causal_reserve_1h_annual,0.923228818591849,0,0.0767711814081511,1,373.058497809154,243.343696221041,129.714801588114,0,0,0.89375,0,72000,0,200,21.8536962210407,0,0,352.2904,20.1260523788366,0.642045430317657
121,NORMAL,349.491987502663,243.451553545126,200,0,16.7231814250988,184,0,20.5102117418755,106.040433957536,0,59815.1058709377,4869.03107090253,-54946.0748000352,1,1,model_causal_reserve_1h_annual,0.922836212927788,0,0.0771637870722125,1,349.491987502663,243.451553545126,106.040433957536,0,0,0.89375,0,72000,0,200,21.9615535451267,0,0,308.7196,39.4397149492976,1.33267255336529
122,NORMAL,307.370816577949,243.271442711533,200,0,16.5693650693975,184,0,20.3423370144583,64.0993738664165,0,59731.1685072291,4865.42885423066,-54865.7396529985,1,1,model_causal_reserve_1h_annual,0.923491648672987,0,0.0765083513270125,1,307.370816577949,243.271442711533,64.0993738664165,0,0,0.89375,0,72000,0,200,21.781442711533,0,0,251.7424,53.4659459084158,2.16247066953362
123,NORMAL,251.586740585855,251.417924493897,200,0,24.7301358263775,184,0,27.9510366658076,0.168816091958206,0,63535.5183329038,5028.35848987794,-58507.1598430259,1,1,model_causal_reserve_1h_annual,0.889956299205535,0,0.110043700794465,1,251.586740585855,251.417924493897,0.168816091958206,0,0,0.89375,0,72000,0,200,29.927924493897,0,0,185.8276,62.3977252546013,3.36141533125378
124,NORMAL,209.608383234554,209.608383234554,166.59078393489,0,16.3525994785812,153.263521220099,0,20.1059241239049,0,0,52236.2071547761,4192.16766469108,-48044.039490085,1,1,model_causal_reserve_1h_annual,0.910613878602963,0,0.0893861213970369,1,209.608383234554,209.608383234554,0,0,0,0.89375,0,72000,0,166.59078393489,21.5275992996643,0,0,137.788,66.9981554759877,4.82222775856656
125,NORMAL,183.036122885704,183.036122885704,139.553221607411,0,16.7500857217436,128.388963878818,0,20.5408343701122,0,0,46483.7685159725,3660.72245771409,-42823.0460582584,1,1,model_causal_reserve_1h_annual,0.892836012187061,0,0.107163987812939,1,183.036122885704,183.036122885704,0,0,0,0.89375,0,72000,0,139.553221607411,21.9929012782937,0,0,113.092,63.4606521115381,6.48347077416645
126,NORMAL,162.496997224338,162.496997224338,120.367610830631,0,15.5939671846669,110.738201964181,0,19.277000360073,0,0,41615.6686514399,3249.93994448675,-38365.7287069532,1,1,model_causal_reserve_1h_annual,0.885306073875428,0,0.114693926124572,1,162.496997224338,162.496997224338,0,0,0,0.89375,0,72000,0,120.367610830631,20.639386393707,0,0,91.336,54.7566688886111,16.4043283357266
127,NORMAL,135.338249849478,135.338249849478,92.2378785803353,0,16.4233976504961,84.8588482939085,0,20.1842222730781,0,0,46041.2965223461,2706.76499698956,-43334.5315253565,1,1,model_causal_reserve_1h_annual,0.848856941311755,0,0.151143058688244,1,135.338249849478,135.338249849478,0,0,0,0.89375,0,72000,0,92.2378785803353,21.6103712691429,0,0,75.46,40.2915343476239,19.5867155018544
128,NORMAL,116.449285597697,116.449285597697,73.7145608796186,0,16.1110999810449,67.8173960092491,0,19.8430313296628,0,0,39735.7782281611,2328.98571195395,-37406.7925162072,1,1,model_causal_reserve_1h_annual,0.820640340113543,0,0.179359659886457,1,116.449285597697,116.449285597697,0,0,0,0.89375,0,72000,0,73.7145608796186,21.2447247180787,0,0,71.932,21.7826522534234,22.7346333442739
129,NORMAL,114.636189201425,114.636189201425,71.2792571344412,0,16.6426119702998,65.5769165636859,0,20.4245211844334,0,0,39219.9505551436,2292.72378402849,-36927.2267711151,1,1,model_causal_reserve_1h_annual,0.81071134929498,0,0.18928865070502,1,114.636189201425,114.636189201425,0,0,0,0.89375,0,72000,0,71.2792571344412,21.8669320669834,0,0,86.044,2.60852929542851,25.9836599059962
130,NORMAL,133.4467898688,133.4467898688,89.9773007209255,0,16.7387885966348,82.7791166632515,0,20.5299901484008,0,0,45465.4770729709,2668.935797376,-42796.5412755949,1,1,model_causal_reserve_1h_annual,0.843146532976631,0,0.156853467023369,1,133.4467898688,133.4467898688,0,0,0,0.89375,0,72000,0,89.9773007209255,21.9794891478751,0,0,104.272,0,29.1747898688002
131,NORMAL,138.1507898688,138.1507898688,93.9453747214625,0,17.3674401493363,86.4297447437455,0,21.2177312222763,0,0,47123.5737188865,2763.01579737601,-44360.5579215105,1,1,model_causal_reserve_1h_annual,0.843976273805538,0,0.156023726194462,1,138.1507898688,138.1507898688,0,0,0,0.89375,0,72000,0,93.9453747214625,22.7154151473376,0,0,108.976,0,29.1747898688002
132,NORMAL,113.092,113.092,70.7862027595106,0,16.0523507480679,65.1233065387498,0,19.779948375977,0,0,38734.3645419384,2261.84,-36472.5245419384,1,1,model_causal_reserve_1h_annual,0.815147188665838,0,0.184852811334162,1,113.092,113.092,0,0,0,0.89375,0,72000,0,70.7862027595106,21.1757972404891,0,0,113.092,0,0
133,NORMAL,120.736,120.736,78.5868954416942,0,15.9185384338865,72.2999438063587,0,19.633906260592,0,0,41244.9329005851,2414.72,-38830.2129005851,1,1,model_causal_reserve_1h_annual,0.831559543392566,0,0.168440456607434,1,120.736,120.736,0,0,0,0.89375,0,72000,0,78.5868954416942,21.0191045583056,0,0,120.736,0,0
134,NORMAL,115.444,115.444,72.4596868454769,0,16.6319924070333,66.6629118978387,0,20.4144076742665,0,0,39605.8521203552,2308.88,-37296.9721203552,1,1,model_causal_reserve_1h_annual,0.813315984763362,0,0.186684015236639,1,115.444,115.444,0,0,0,0.89375,0,72000,0,72.4596868454769,21.8543131545233,0,0,115.444,0,0
135,NORMAL,114.268,114.268,72.0712196519848,0,15.9593259874241,66.3055220798261,0,19.6790852720074,0,0,39109.5305847411,2285.36,-36824.1705847411,1,1,model_causal_reserve_1h_annual,0.818706951416651,0,0.181293048583349,1,114.268,114.268,0,0,0,0.89375,0,72000,0,72.0712196519848,21.0667803480147,0,0,114.268,0,0
136,NORMAL,110.550470669534,110.550470669534,68.2673616145671,0,15.7255927839739,62.8059726854017,0,19.4237594460245,0,0,37722.0298897569,2211.00941339067,-35511.0204763662,1,1,model_causal_reserve_1h_annual,0.812774858360655,0,0.187225141639345,1,110.550470669534,110.550470669534,0,0,0,0.89375,0,72000,0,68.2673616145671,20.7931090549669,0,0,108.388,0,2.16247066953362
137,NORMAL,116.453415331254,116.453415331254,164.754912299282,0,0,151.574519315339,0,4.86557196090392,0,0,101808.987955962,4579.06830662507,-69835.182807232,1,1,model_causal_reserve_1h_annual,1,0,0,1,116.453415331254,116.453415331254,0,0,75,0.400328947368421,0,72000,0,164.754912299282,5.20850303197213,0,0,113.092,0,3.36141533125378
138,NORMAL,123.206227758567,123.206227758567,141.336981873247,0,0,130.030023323387,0,4.74490296687561,0,0,88391.0659439377,3805.12455517133,-68258.6782308717,1,1,model_causal_reserve_1h_annual,1,0,0,1,123.206227758567,123.206227758567,0,0,44.7,0.10625,0,72000,0,141.336981873247,5.07924588532042,0,0,118.384,0,4.82222775856656
139,NORMAL,131.923470774166,131.923470774166,105.264420915305,0,0,96.843267242081,0,4.82887472602917,0,0,67857.2630531048,2638.46941548333,-65218.7936376215,1,1,model_causal_reserve_1h_annual,1,0,0,1,131.923470774166,131.923470774166,0,0,0,0.10625,0,72000,0,105.264420915305,5.16904985886118,0,0,125.44,0,6.48347077416645
140,NORMAL,140.430633421327,140.430633421327,113.679946838973,0,0,104.585551091855,0,4.91456140313003,0,0,72700.3223785153,2808.61266842655,-69891.7097100887,1,1,model_causal_reserve_1h_annual,1,0,0,1,140.430633421327,140.430633421327,0,0,0,0.10625,0,72000,0,113.679946838973,5.26068658235455,0,0,131.908,0,8.52263342132742
141,NORMAL,149.838633421327,149.838633421327,123.172347984137,0,0,113.318560145406,0,4.83579267984936,0,0,78075.4036300765,2996.77266842655,-75078.6309616499,1,1,model_causal_reserve_1h_annual,1,0,0,1,149.838633421327,149.838633421327,0,0,0,0.10625,0,72000,0,123.172347984137,5.17628543718995,0,0,141.316,0,8.52263342132742
142,NORMAL,174.435870774166,174.435870774166,131.776153294535,0,16.0474761765192,121.234061030972,0,19.7775111833383,0,0,58933.017562819,3488.71741548333,-55444.3001473357,1,1,model_causal_reserve_1h_annual,0.891441738821184,0,0.108558261178816,1,174.435870774166,174.435870774166,0,0,0,0.10625,0,72000,0,131.776153294535,21.1697174796318,0,0,167.9524,0,6.48347077416645
143,NORMAL,205.908049503364,205.908049503364,162.720225593513,0,16.4986082955574,149.702607546032,0,20.2712195252223,0,0,69428.5484791827,4118.16099006728,-65310.3874891154,1,1,model_causal_reserve_1h_annual,0.907941548678029,0,0.092058451321971,1,205.908049503364,205.908049503364,0,0,0,0.10625,0,72000,0,162.720225593513,21.6978239098509,0,0,200.3512,0.734621744797328,4.82222775856656
144,NORMAL,224.722151781894,224.722151781894,106.349298838257,0,16.9641968485537,97.8413549311967,0,20.7807542784727,0,0,39272.3023227236,4494.44303563789,-59501.6092870857,1,1,model_causal_reserve_1h_annual,0.862430330483542,0,0.137569669516458,1,224.722151781894,224.722151781894,0,75,0,0.5515625,0,72000,0,106.349298838257,22.242852943637,0,0,214.8748,9.84735178189445,0
145,NORMAL,231.092072749129,231.092072749129,130.979579811239,0,16.2023655536318,120.501213426339,0,19.947964515473,0,0,44294.273480058,4621.84145498259,-58670.6820250754,1,1,model_causal_reserve_1h_annual,0.889916079628752,0,0.110083920371248,1,231.092072749129,231.092072749129,0,57.6315789473684,0,0.89375,0,72000,0,130.979579811239,21.3509139905223,0,0,209.2888,21.8032727491294,0
146,NORMAL,219.888668484076,219.888668484076,170.002801107789,0,23.6786349622523,156.402577019166,0,26.8670440660247,0,0,56370.1405176121,4397.77336968153,-51972.3671479306,1,1,model_causal_reserve_1h_annual,0.87774442691715,0,0.12225557308285,1,219.888668484076,219.888668484076,0,0,0,0.89375,0,72000,0,170.002801107789,28.7558673762875,0,0,182.476,37.4126684840763,0
147,NORMAL,191.204653285519,191.204653285519,139.127066636328,0,25.6464875820465,127.996901305422,0,28.9155530549341,0,0,50577.0328407683,3824.09306571037,-46752.9397750579,1,1,model_causal_reserve_1h_annual,0.844353132371854,0,0.155646867628146,1,191.204653285519,191.204653285519,0,0,0,0.89375,0,72000,0,139.127066636328,30.9475866491902,0,0,150.0772,41.1274532855185,0
148,NORMAL,175.691352862973,175.691352862973,124.44770923346,0,24.8977969788824,114.491892494783,0,28.1370992555934,0,0,46946.6038265446,3513.82705725947,-43432.7767692851,1,1,model_causal_reserve_1h_annual,0.833287270502252,0,0.166712729497748,1,175.691352862973,175.691352862973,0,0,0,0.89375,0,72000,0,124.44770923346,30.1136436295138,0,0,130.732,44.9593528629733,0
149,NORMAL,165.851914481618,165.851914481618,114.011100780601,0,25.4340105233354,104.890212718153,0,28.6958200410596,0,0,44921.5610728866,3317.03828963235,-41604.5227832542,1,1,model_causal_reserve_1h_annual,0.817605577667768,0,0.182394422332232,1,165.851914481618,165.851914481618,0,0,0,0.89375,0,72000,0,114.011100780601,30.710813701016,0,0,116.62,49.2319144816176,0
150,NORMAL,148.229886297733,148.229886297733,105.951989586947,0,16.0292043943707,97.4758304199909,0,19.7608580337585,0,0,38674.6283176771,2964.59772595466,-35710.0305917224,1,1,model_causal_reserve_1h_annual,0.868592822621282,0,0.131407177378718,1,148.229886297733,148.229886297733,0,0,0,0.89375,0,72000,0,105.951989586947,21.1478967107857,0,0,108.388,39.8418862977329,0
151,NORMAL,135.921800773301,135.921800773301,94.2797732548229,0,15.4861072678682,86.7373913944371,0,19.1671927037752,0,0,46209.0572538849,2718.43601546602,-43490.6212384189,1,1,model_causal_reserve_1h_annual,0.858916931252905,0,0.141083068747095,1,135.921800773301,135.921800773301,0,0,0,0.89375,0,72000,0,94.2797732548229,20.512027518478,0,0,108.976,26.945800773301,0
152,NORMAL,133.698101140397,133.698101140397,90.5713023394333,0,16.7544250264236,83.3255981522786,0,20.5551524749625,0,0,45674.7915723015,2673.96202280794,-43000.8295494936,1,1,model_causal_reserve_1h_annual,0.843891810122001,0,0.156108189877999,1,133.698101140397,133.698101140397,0,0,0,0.89375,0,72000,0,90.5713023394333,21.9967988009632,0,0,120.736,12.9621011403969,0
153,NORMAL,149.181036625232,149.181036625232,107.692979482944,0,15.3546900459889,99.0775411243088,0,19.0243072357089,0,0,50580.0684226056,2983.62073250465,-47596.447690101,1,1,model_causal_reserve_1h_annual,0.875213483483501,0,0.124786516516499,1,149.181036625232,149.181036625232,0,0,0,0.89375,0,72000,0,107.692979482944,20.3580571422875,0,0,147.784,1.39703662523225,0
154,NORMAL,202.5856,202.5856,160.854976737204,0,15.561935696669,147.986578598227,0,19.2514827286543,0,0,68300.909659689,4051.712,-64249.197659689,1,1,model_causal_reserve_1h_annual,0.911788867167131,0,0.0882111328328693,1,202.5856,202.5856,0,0,0,0.89375,0,72000,0,160.854976737204,20.6006232627959,0,0,202.5856,0,0
155,NORMAL,231.77565859082,231.77565859082,189.164645609405,0,16.006493617991,174.031473960653,0,19.7383056565093,0,0,77920.4834540897,4635.5131718164,-73284.9702822733,1,1,model_causal_reserve_1h_annual,0.921984672511612,0,0.0780153274883883,1,231.77565859082,231.77565859082,0,0,0,0.89375,0,72000,0,189.164645609405,21.1210129814146,0,0,231.6328,0,0.142858590820011
156,NORMAL,237.228615331254,237.228615331254,194.443201411657,0,16.1555145631812,178.887745298724,0,19.9018072152096,0,0,79750.4919151456,4744.57230662508,-75005.9196085205,1,1,model_causal_reserve_1h_annual,0.923287687256785,0,0.0767123127432145,1,237.228615331254,237.228615331254,0,0,0,0.89375,0,72000,0,194.443201411657,21.2954139195967,0,0,233.8672,0,3.36141533125378
157,NORMAL,227.517427758567,227.517427758567,184.370700100999,0,16.4641937766525,169.621044092919,0,20.2400027514961,0,0,76583.577249199,4550.34855517133,-72033.2286940277,1,1,model_causal_reserve_1h_annual,0.918021248903677,0,0.081978751096323,1,227.517427758567,227.517427758567,0,0,0,0.89375,0,72000,0,184.370700100999,21.6567276575674,0,0,222.6952,0,4.82222775856656
158,NORMAL,218.006670774166,218.006670774166,174.690639551496,0,16.6088610698599,160.715388387376,0,20.3987618381895,0,0,73456.9207385501,4360.13341548333,-69096.7873230668,1,1,model_causal_reserve_1h_annual,0.913178753651144,0,0.0868212463488563,1,218.006670774166,218.006670774166,0,0,0,0.89375,0,72000,0,174.690639551496,21.8260312226705,0,0,211.5232,0,6.48347077416645
159,NORMAL,178.709433421327,178.709433421327,136.048404051117,0,16.0494190474473,125.164531727028,0,19.7871075135695,0,0,60352.7851785146,3574.18866842655,-56778.5965100881,1,1,model_causal_reserve_1h_annual,0.894479626857994,0,0.105520373142006,1,178.709433421327,178.709433421327,0,0,0,0.89375,0,72000,0,136.048404051117,21.1710293702106,0,0,170.1868,0,8.52263342132742
160,NORMAL,141.919470774166,141.919470774166,97.6303015187036,0,17.4402057060393,89.8198773972073,0,21.3093727079345,0,0,48389.8422169619,2838.38941548333,-45551.4528014786,1,1,model_causal_reserve_1h_annual,0.848438960367342,0,0.151561039632658,1,141.919470774166,141.919470774166,0,0,0,0.89375,0,72000,0,97.6303015187036,22.7991692554625,0,0,135.436,0,6.48347077416645
161,NORMAL,132.917415331254,132.917415331254,181.425075116477,0,0,166.911069107159,0,4.67558731938213,0,0,111222.656506129,4908.34830662508,-78919.5713573991,1,1,model_causal_reserve_1h_annual,1,0,0,1,132.917415331254,132.917415331254,0,0,75,0.400328947368421,0,72000,0,181.425075116477,5.0023402147767,0,0,129.556,0,3.36141533125378
162,NORMAL,146.02,146.02,164.392234042609,0,0,151.240855319201,0,4.85837431022306,0,0,101598.517453016,4261.4,-81009.8542951211,1,1,model_causal_reserve_1h_annual,1,0,0,1,146.02,146.02,0,0,44.7,0.10625,0,72000,0,164.392234042609,5.1977659573904,0,0,146.02,0,0
163,NORMAL,196.9996,196.9996,170.762660062361,0,0,157.101647257372,0,4.77360309264693,0,0,105189.822845894,3939.992,-101249.830845894,1,1,model_causal_reserve_1h_annual,1,0,0,1,196.9996,196.9996,0,0,0,0.10625,0,72000,0,170.762660062361,5.10693993763924,0,0,196.9996,0,0
164,NORMAL,247.2736,247.2736,200,0,16.3945440402321,184,0,20.1670842729993,0,0,129563.5421365,4945.472,-126124.183677035,1,1,model_causal_reserve_1h_annual,0.924237719980666,0,0.0757622800193339,1,247.2736,247.2736,0,4.56882615057128,0,0.133377405269017,0,72000,0,200,21.5747738494289,0,0,247.2736,0,0
165,NORMAL,295.3132,295.3132,200,0,16.1305378340878,184,0,19.8786385336707,0,0,129419.319266835,5906.264,-140957.328714045,1,1,model_causal_reserve_1h_annual,0.925366688133306,0,0.0746333118666942,1,295.3132,295.3132,0,52.9175593726966,0,0.447575414044403,0,72000,0,200,21.2656406273034,0,0,295.3132,0,0
166,NORMAL,336.6496,317.085579646161,200,0,15.8657396099383,184,0,19.5893105057707,19.5640203538389,0,81434.6552528853,6341.71159292322,-99816.6936599621,1,1,model_causal_reserve_1h_annual,0.926501817108138,0,0.0734981828918619,1,336.6496,317.085579646161,19.5640203538389,75,0,0.892887914044403,0,72000,0,200,20.955579646161,0,0,336.6496,0,0
167,NORMAL,358.575338269883,243.476389854389,200,0,16.9297775743034,184,0,20.7542554198099,115.098948415494,0,82017.127709905,4869.52779708778,-77195.4629250719,1,1,model_causal_reserve_1h_annual,0.921957336776854,0,0.0780426632231463,1,358.575338269883,243.476389854389,115.098948415494,0.145193424100578,0,0.89375,0,72000,0,200,22.2011964302881,0,0,357.8764,0.69893826988301,0
