"SourceRelativePath","V5RelativePath","Bytes","SHA256","MigrationStatus"
"integration\common\v4_apply_unified_capacity_case_4_2.m","foundation\integration\common\v4_apply_unified_capacity_case_4_2.m","4286","608150edd9ed117a058c0aad389962c4e0ac12ae521c7c1ad00699c6a927a670","COPIED_V4_FOUNDATION_NO_V4_4_9"
"integration\common\v4_fill_port.m","foundation\integration\common\v4_fill_port.m","933","a3fd70c296b0f2c414a700b1e275685103ef4be2962ca049d692699f3bfa078a","COPIED_V4_FOUNDATION_NO_V4_4_9"
"library\4.1边界与口径\4.1系统边界与统一建模口径_V2.0_冻结版.md","foundation\library\4.1边界与口径\4.1系统边界与统一建模口径_V2.0_冻结版.md","12460","df1272c96894b05aecd721a4661a95dc4937b1ce30e37001062f658e42ad2a1e","COPIED_V4_FOUNDATION_NO_V4_4_9"
"library\4.1边界与口径\蓝海枢纽_4.1边界与口径冻结表_V1.0.docx","foundation\library\4.1边界与口径\蓝海枢纽_4.1边界与口径冻结表_V1.0.docx","42250","4d048778d676f10ba5b76254031e20518a6ffc95e0fe2b674a9379c2a6f66723","COPIED_V4_FOUNDATION_NO_V4_4_9"
"library\4.2变量与接口\4.1-4.2公共标准冻结说明_V2.0.md","foundation\library\4.2变量与接口\4.1-4.2公共标准冻结说明_V2.0.md","3128","5d232eb67c838efb0092dfb6e24e24af8b609d465da7a21a74bb7e885a825226","COPIED_V4_FOUNDATION_NO_V4_4_9"
"library\4.2变量与接口\4.2第四章全量变量与接口字典_V2.0_冻结版.md","foundation\library\4.2变量与接口\4.2第四章全量变量与接口字典_V2.0_冻结版.md","17601","a14a25520db4f59bbb5d7c45aed7065c453e24d59762bbfca8b56dc4e3f701fc","COPIED_V4_FOUNDATION_NO_V4_4_9"
"library\4.2变量与接口\4.2冻结标准验收结果_V2.mat","foundation\library\4.2变量与接口\4.2冻结标准验收结果_V2.mat","1104","bc583724c605b562117f367d474ac7520966ad24a9cbd53bbfd8af841915ddb6","COPIED_V4_FOUNDATION_NO_V4_4_9"
"library\4.2变量与接口\4.2算力接口语义增补_V2.0.md","foundation\library\4.2变量与接口\4.2算力接口语义增补_V2.0.md","1540","635e2188add6efb50e3b162cbe034d6b33539f9efec6f768ea598029c8fe5a13","COPIED_V4_FOUNDATION_NO_V4_4_9"
"library\4.2变量与接口\4.3-4.7去重与验收清单.md","foundation\library\4.2变量与接口\4.3-4.7去重与验收清单.md","21198","0108f9aff20b83dbee4d2895c649714225844b472284a0a09ea4649b7033f349","COPIED_V4_FOUNDATION_NO_V4_4_9"
"library\4.2变量与接口\common_config_4_2.m","foundation\library\4.2变量与接口\common_config_4_2.m","14929","635196e03d93b7c4567aa6707a0861747e9d00a6a42293ed607b624192cc1f15","COPIED_V4_FOUNDATION_NO_V4_4_9"
"library\4.2变量与接口\common_dispatch_port_4_2.m","foundation\library\4.2变量与接口\common_dispatch_port_4_2.m","847","49abf6a4cdb069e16e6c7766b4ca27bf4aa8249945b7599736cf66041b6b355a","COPIED_V4_FOUNDATION_NO_V4_4_9"
"library\4.2变量与接口\common_packet_4_2.m","foundation\library\4.2变量与接口\common_packet_4_2.m","1656","9d0405e23f3ddecc80f3a8d7bb84d29745465db3065c4893ebcdfabb90d6a69c","COPIED_V4_FOUNDATION_NO_V4_4_9"
"library\4.2变量与接口\demo_validate_common_schema_4_2.m","foundation\library\4.2变量与接口\demo_validate_common_schema_4_2.m","867","90e84d8752cbb9169a28980d70353048bea0527ff1d6e9018ff13a9126f72c1f","COPIED_V4_FOUNDATION_NO_V4_4_9"
"library\4.2变量与接口\MATLAB校验报告.md","foundation\library\4.2变量与接口\MATLAB校验报告.md","1169","c34fb17e7eeb5788fa2e063132800c41130264705581cffff5290b4f73a80f9e","COPIED_V4_FOUNDATION_NO_V4_4_9"
"library\4.2变量与接口\run_all_tests_4_2.m","foundation\library\4.2变量与接口\run_all_tests_4_2.m","4686","b07f80aaa3d11797e846655e54b7300deb9b198c8374ff1785ea4084cf8950f7","COPIED_V4_FOUNDATION_NO_V4_4_9"
"library\4.2变量与接口\validate_common_schema_4_2.m","foundation\library\4.2变量与接口\validate_common_schema_4_2.m","13488","98204a9fe939a50c36896ab565d9c5158edf069f2413e352329134580706dcbc","COPIED_V4_FOUNDATION_NO_V4_4_9"
"library\4.2变量与接口\validate_module_packet_4_2.m","foundation\library\4.2变量与接口\validate_module_packet_4_2.m","8016","7f01121a77d8bb0efc809f6065f9d5317a6f77b8652741fcde9d6c8a20b34db7","COPIED_V4_FOUNDATION_NO_V4_4_9"
"modules\4.3_source\demos\demo_portfolio_comparison_4_3_v3.m","foundation\modules\4.3_source\demos\demo_portfolio_comparison_4_3_v3.m","1675","5ea2e720978b655ba134907ed788c3d16a2c7aff3491007563a38219055242a9","COPIED_V4_FOUNDATION_NO_V4_4_9"
"modules\4.3_source\demos\demo_public_baseline_v2.m","foundation\modules\4.3_source\demos\demo_public_baseline_v2.m","11543","588d4119184b17fd62cea1130d4a90e72c6e407bb42123efd0425812f5e3e84f","COPIED_V4_FOUNDATION_NO_V4_4_9"
"modules\4.3_source\demos\demo_public_resource_audit_4_3.m","foundation\modules\4.3_source\demos\demo_public_resource_audit_4_3.m","1519","11067a4c89441f672ef7bf0d19c1a25dfda38daea92b62a25af06132d8a01bff","COPIED_V4_FOUNDATION_NO_V4_4_9"
"modules\4.3_source\demos\demo_version3_4_3.m","foundation\modules\4.3_source\demos\demo_version3_4_3.m","468","ff1d284ea689fa14d3bd1603f72cd34c87d474d98393d0a52c7766749a6bd360","COPIED_V4_FOUNDATION_NO_V4_4_9"
"modules\4.3_source\docs\4.3多能源供给模型完整报告_V3.md","foundation\modules\4.3_source\docs\4.3多能源供给模型完整报告_V3.md","21824","b051fd6d8742fd27443901edd7002b351d62b8cd2e4d3178a458f6ff917dba7d","COPIED_V4_FOUNDATION_NO_V4_4_9"
"modules\4.3_source\docs\4.3公开数据替代与证据清单.md","foundation\modules\4.3_source\docs\4.3公开数据替代与证据清单.md","7298","038fba6de191c7942a364e3f58bf068b1ef6585f7572033c3371a01385a2eab6","COPIED_V4_FOUNDATION_NO_V4_4_9"
"modules\4.3_source\docs\assets\figure_4_3_boundary_interface.png","foundation\modules\4.3_source\docs\assets\figure_4_3_boundary_interface.png","88169","6596fbe370f401a4d0cc07211591e234ad139043454c394923dd9a79ce6215c2","COPIED_V4_FOUNDATION_NO_V4_4_9"
"modules\4.3_source\docs\assets\figure_4_3_device_to_poi.png","foundation\modules\4.3_source\docs\assets\figure_4_3_device_to_poi.png","145925","2991b04dcedb7b9d5b48d286a632bacce2c55475e75348c5d3d9dbe4f24df4ee","COPIED_V4_FOUNDATION_NO_V4_4_9"
"modules\4.3_source\docs\assets\figure_4_3_multiscale_metrics.png","foundation\modules\4.3_source\docs\assets\figure_4_3_multiscale_metrics.png","127950","d3a52f0bf9cd1d25ea90594edebe86d2264efe47559610f180208e5ddab0d85c","COPIED_V4_FOUNDATION_NO_V4_4_9"
"modules\4.3_source\docs\assets\figure_4_3_scenario_fan_coverage.png","foundation\modules\4.3_source\docs\assets\figure_4_3_scenario_fan_coverage.png","183687","a1418459f0cfc3a7cdb51eb83428d2142d20e730323318e599b0ae41c9ed7e1f","COPIED_V4_FOUNDATION_NO_V4_4_9"
"modules\4.3_source\docs\assets\figure_4_3_state_constraint.png","foundation\modules\4.3_source\docs\assets\figure_4_3_state_constraint.png","88745","7b6bd3f1eea104d62a0444196a83d8a8bdcb9cc8321a88403aa4e3591e4b77f4","COPIED_V4_FOUNDATION_NO_V4_4_9"
"modules\4.3_source\docs\assets\figure_4_3_typical_extreme_output.png","foundation\modules\4.3_source\docs\assets\figure_4_3_typical_extreme_output.png","240221","834a084d08927f3f8339d40c379bd66f5dfbbe483fdacf55451ac76ccfbb4399","COPIED_V4_FOUNDATION_NO_V4_4_9"
"modules\4.3_source\docs\V4代码取舍与来源说明.md","foundation\modules\4.3_source\docs\V4代码取舍与来源说明.md","1310","4e13133519d880c11130feb44b25d1e53caecb8599a4fce8971fa9f8102090ea","COPIED_V4_FOUNDATION_NO_V4_4_9"
"modules\4.3_source\docs\Version3修改与验收说明.md","foundation\modules\4.3_source\docs\Version3修改与验收说明.md","2237","b7530730a0ceba6ad9adc3581433e019a4c7a38c596b8d9df8748328fd2cad0d","COPIED_V4_FOUNDATION_NO_V4_4_9"
"modules\4.3_source\docs\参数可识别性清单.md","foundation\modules\4.3_source\docs\参数可识别性清单.md","6402","5518a0c7fb6d30d9beb25b0b9781bf0cf212bab6c12864574ea500a8633205dc","COPIED_V4_FOUNDATION_NO_V4_4_9"
"modules\4.3_source\docs\多能源互补体系_v2.3_4.3.md","foundation\modules\4.3_source\docs\多能源互补体系_v2.3_4.3.md","13199","f11a93222940f28c2cdc69b22145441852e65fcc8e04b0aad04c812e0f575b65","COPIED_V4_FOUNDATION_NO_V4_4_9"
"modules\4.3_source\docs\海洋能源岛源侧模型_v2.md","foundation\modules\4.3_source\docs\海洋能源岛源侧模型_v2.md","22038","d5d2427f3e51fe6f6fabfd9e56524d50bff196b8f48dfc21b648ba82e8dd7b03","COPIED_V4_FOUNDATION_NO_V4_4_9"
"modules\4.3_source\integration\build_all_channel_source_scenario_4_3.m","foundation\modules\4.3_source\integration\build_all_channel_source_scenario_4_3.m","3395","231a6a29f136f85916aefa942658b666b3a25fbaa0f7ee2be7943fbc2698d41e","COPIED_V4_FOUNDATION_NO_V4_4_9"
"modules\4.3_source\integration\load_public_reference_resource_4_3.m","foundation\modules\4.3_source\integration\load_public_reference_resource_4_3.m","4063","6b06c89468cbb59771d47814c34346e28a9ca5b621da002fc794b98f5116317e","COPIED_V4_FOUNDATION_NO_V4_4_9"
"modules\4.3_source\integration\v4_source_adapter.m","foundation\modules\4.3_source\integration\v4_source_adapter.m","3593","bcd2cfffe9fdcf535b34f9aea17d6945a76ddfc48948f4dab5842d1371a14072","COPIED_V4_FOUNDATION_NO_V4_4_9"
"modules\4.3_source\model\aggregation\compare_source_portfolios_4_3_v3.m","foundation\modules\4.3_source\model\aggregation\compare_source_portfolios_4_3_v3.m","1283","763ea2343bca7afa10159781aeb2414e078346c39885dac582792f47f96f3ab9","COPIED_V4_FOUNDATION_NO_V4_4_9"
"modules\4.3_source\model\aggregation\device_output_to_source_4_3_v3.m","foundation\modules\4.3_source\model\aggregation\device_output_to_source_4_3_v3.m","4671","4c884f0f6a430de68aa0e76ff4043f6d7dd99a5c211adc64bc6b0006d76f93e3","COPIED_V4_FOUNDATION_NO_V4_4_9"
"modules\4.3_source\model\aggregation\evaluate_scenario_coverage_4_3_v3.m","foundation\modules\4.3_source\model\aggregation\evaluate_scenario_coverage_4_3_v3.m","1323","40c3fb0328376cea08b80084dbab67ada904f10a202dbfa8deb63d9bf2780995","COPIED_V4_FOUNDATION_NO_V4_4_9"
"modules\4.3_source\model\aggregation\source_aggregation_4_3_v3.m","foundation\modules\4.3_source\model\aggregation\source_aggregation_4_3_v3.m","10657","fd9db3183c704960fe860a52d8702ea697ecc47bfeb9079499014fea892449d2","COPIED_V4_FOUNDATION_NO_V4_4_9"
"modules\4.3_source\model\aggregation\source_complementarity_metrics_v3.m","foundation\modules\4.3_source\model\aggregation\source_complementarity_metrics_v3.m","2914","cb925981a829b5274b07e64854de5c897b67dc71f5cd66aa8e5f3fbd6f061541","COPIED_V4_FOUNDATION_NO_V4_4_9"
"modules\4.3_source\model\aggregation\source_state_dictionary_4_3_v3.m","foundation\modules\4.3_source\model\aggregation\source_state_dictionary_4_3_v3.m","962","05d3df4865711236b2098a10ae5ce92c7c5c910edb128e4676ea35d70dddad0f","COPIED_V4_FOUNDATION_NO_V4_4_9"
"modules\4.3_source\model\aggregation\validate_joint_scenarios_4_3_v3.m","foundation\modules\4.3_source\model\aggregation\validate_joint_scenarios_4_3_v3.m","1821","3ccc2118c54540a92de6803e500605080bcd2398499ea26d8ef6934b1f45eb69","COPIED_V4_FOUNDATION_NO_V4_4_9"
"modules\4.3_source\model\demo_support\bus_balance_4_4_v3.m","foundation\modules\4.3_source\model\demo_support\bus_balance_4_4_v3.m","3189","025be7cf6dd1d86c00557d5063cc92d96fe12c47d7d3253e790e994581a4d292","COPIED_V4_FOUNDATION_NO_V4_4_9"
"modules\4.3_source\model\demo_support\marine_source_hub_v3.m","foundation\modules\4.3_source\model\demo_support\marine_source_hub_v3.m","1353","1c605bf21ef11662f0faa45b38c7c46fdde374c12d368360b1ada55763319be0","COPIED_V4_FOUNDATION_NO_V4_4_9"
"modules\4.3_source\model\pv\floating_pv_dispatch_v2.m","foundation\modules\4.3_source\model\pv\floating_pv_dispatch_v2.m","14858","4dc074f6a6c4cfb6df6904ea99ec45045c7f8bc8b435aabd577a074193ea5d5c","COPIED_V4_FOUNDATION_NO_V4_4_9"
"modules\4.3_source\model\tidal\tidal_current_dispatch_v2.m","foundation\modules\4.3_source\model\tidal\tidal_current_dispatch_v2.m","14997","f72ffbb6d738da4f811a0172171664e2c56df5d4d0af948d1cf3f3f69d9088ac","COPIED_V4_FOUNDATION_NO_V4_4_9"
"modules\4.3_source\model\wind\floating_wind_dispatch_v2.m","foundation\modules\4.3_source\model\wind\floating_wind_dispatch_v2.m","12534","7ca61add6ad898dd116fdf6de9d8298d44db5f15cba82e70f6146d59fc97f327","COPIED_V4_FOUNDATION_NO_V4_4_9"
"modules\4.3_source\README.md","foundation\modules\4.3_source\README.md","2882","a3e13c506eadaea079e3144cb968bad56dc0990d04b8cf0c597b93607c9faa75","COPIED_V4_FOUNDATION_NO_V4_4_9"
"modules\4.3_source\tests\run_all_tests_4_3_v3.m","foundation\modules\4.3_source\tests\run_all_tests_4_3_v3.m","3744","edf957c66de083e48f8084ac1fb7df266d3ba906c501b7c57403d7aa115a302a","COPIED_V4_FOUNDATION_NO_V4_4_9"
"modules\4.4_bus\docs\4.4公共母线功率平衡说明.md","foundation\modules\4.4_bus\docs\4.4公共母线功率平衡说明.md","2263","9a2a526886c09ffb795dc6128c64a2aa604b07c60caa9c6b4de1a7e4ee1b22c4","COPIED_V4_FOUNDATION_NO_V4_4_9"
"modules\4.4_bus\docs\assets\figure_4_4_v4_hourly_balance.png","foundation\modules\4.4_bus\docs\assets\figure_4_4_v4_hourly_balance.png","94331","9a5da4557224eb43436db7ba37a074d809fb3996318330f8afb6871c82e63a4b","COPIED_V4_FOUNDATION_NO_V4_4_9"
"modules\4.4_bus\docs\build_current_report.py","foundation\modules\4.4_bus\docs\build_current_report.py","8542","94ec35b3ed3c5334ee61b4b4e723314f13be20e3a2bc8ab16a4feda9f4f26f11","COPIED_V4_FOUNDATION_NO_V4_4_9"
"modules\4.4_bus\integration\v4_bus_ledger.m","foundation\modules\4.4_bus\integration\v4_bus_ledger.m","1489","5f7f6e2b2bf3b576e8dac7b4cb47fd3afa7ddd4e35004fb02cdb190f73850671","COPIED_V4_FOUNDATION_NO_V4_4_9"
"modules\4.4_bus\README.md","foundation\modules\4.4_bus\README.md","1209","b7ca93e6640b5160fddea3d613490c18bb0d76a8703af68c4cb24b0dd40c1e52","COPIED_V4_FOUNDATION_NO_V4_4_9"
"modules\4.4_bus\reference_model\core\__init__.py","foundation\modules\4.4_bus\reference_model\core\__init__.py","664","0291b8cad751324766ba736d06a8473abe4d3b746052d231b06b87bae913c03c","COPIED_V4_FOUNDATION_NO_V4_4_9"
"modules\4.4_bus\reference_model\core\components.py","foundation\modules\4.4_bus\reference_model\core\components.py","14400","15c15ebf7dd9838e5d281f3b45a8d3c40c93264b91f0952d5ae9d8888407c3e3","COPIED_V4_FOUNDATION_NO_V4_4_9"
"modules\4.4_bus\reference_model\core\losses.py","foundation\modules\4.4_bus\reference_model\core\losses.py","2926","6e1ff5eedef081589a49ccf583bf4fce9ccc778385dc6dfece22ab58cca23eb0","COPIED_V4_FOUNDATION_NO_V4_4_9"
"modules\4.4_bus\reference_model\core\ports.py","foundation\modules\4.4_bus\reference_model\core\ports.py","3933","56409970eb3b1a15ff62f62354c74e3f12c50f97c40b3fe52f0e9bd3ba036dec","COPIED_V4_FOUNDATION_NO_V4_4_9"
"modules\4.4_bus\reference_model\core\power_balance.py","foundation\modules\4.4_bus\reference_model\core\power_balance.py","8928","367c607290e8e2d2bd23dabacc32a0a8ca3ff9058ec540bd5d5403c96e815c41","COPIED_V4_FOUNDATION_NO_V4_4_9"
"modules\4.4_bus\reference_model\core\reserve.py","foundation\modules\4.4_bus\reference_model\core\reserve.py","2341","f881682622c00580b88403d38ea8ed087658381999a89ca2d282b32643e3dd6c","COPIED_V4_FOUNDATION_NO_V4_4_9"
"modules\4.4_bus\reference_model\main.py","foundation\modules\4.4_bus\reference_model\main.py","2523","effe34cd209b8ff8dcc76d70f0b16119c267edfbdb1ecf4a1c3f5e942e291970","COPIED_V4_FOUNDATION_NO_V4_4_9"
"modules\4.4_bus\reference_model\scenarios\__init__.py","foundation\modules\4.4_bus\reference_model\scenarios\__init__.py","204","e17a81be7fd2c5c37b10fc7b0f8857e574ee430fabb9e7cb35fac5bdaef79f5b","COPIED_V4_FOUNDATION_NO_V4_4_9"
"modules\4.4_bus\reference_model\scenarios\base_scenarios.py","foundation\modules\4.4_bus\reference_model\scenarios\base_scenarios.py","2165","496279a4c814973a216c2732e35c4f2051590f0b858188f9ae08a7092b935635","COPIED_V4_FOUNDATION_NO_V4_4_9"
"modules\4.4_bus\reference_model\test_plots.py","foundation\modules\4.4_bus\reference_model\test_plots.py","2805","374094b102defbd53795e75a248aeee4d2cf107613285a2f056d4a9c47b20e7b","COPIED_V4_FOUNDATION_NO_V4_4_9"
"modules\4.4_bus\reference_model\visualization\__init__.py","foundation\modules\4.4_bus\reference_model\visualization\__init__.py","165","f51e631f1d5266d0614d931456af49077b5c7a2168c15e94c4db863a632280d0","COPIED_V4_FOUNDATION_NO_V4_4_9"
"modules\4.4_bus\reference_model\visualization\plots.py","foundation\modules\4.4_bus\reference_model\visualization\plots.py","5606","5907bf16c4cb7ee12616972e5f452d345e621598ca4b7e638a989d6b799517d0","COPIED_V4_FOUNDATION_NO_V4_4_9"
"modules\4.4_bus\报告.pdf","foundation\modules\4.4_bus\报告.pdf","287880","8fab78af964fdf00dd65399d1a566e1eccf1a92130bffc5140ee8a22ca2652e7","COPIED_V4_FOUNDATION_NO_V4_4_9"
"modules\4.5_storage_hydrogen\docs\4.5多时标接口语义增补_V4.md","foundation\modules\4.5_storage_hydrogen\docs\4.5多时标接口语义增补_V4.md","4506","68ad408e61dcd1cd876f9d3a4f9226794becf38d6e04a4208b26300379a49739","COPIED_V4_FOUNDATION_NO_V4_4_9"
"modules\4.5_storage_hydrogen\docs\4.5公开数据替代与接口审查.md","foundation\modules\4.5_storage_hydrogen\docs\4.5公开数据替代与接口审查.md","12220","e249e2308bca8e6ce0f745dbf0e02643bd4711f3d8d154ef0ac56c7cb5b3e2d4","COPIED_V4_FOUNDATION_NO_V4_4_9"
"modules\4.5_storage_hydrogen\docs\assets\blue_hub_24h_results.csv","foundation\modules\4.5_storage_hydrogen\docs\assets\blue_hub_24h_results.csv","4278","c5388a0bfe18bfe05dcaf5e9cfd59e2336eb0c503665edb7fbdc4b0fb1efe999","COPIED_V4_FOUNDATION_NO_V4_4_9"
"modules\4.5_storage_hydrogen\docs\assets\blue_hub_scenario_kpi.csv","foundation\modules\4.5_storage_hydrogen\docs\assets\blue_hub_scenario_kpi.csv","589","9cada76d5fcb004a443fab8dee789003cfee313b7094e18e221d8b938fa1fb1d","COPIED_V4_FOUNDATION_NO_V4_4_9"
"modules\4.5_storage_hydrogen\docs\assets\blue_hub_sensitivity_table.csv","foundation\modules\4.5_storage_hydrogen\docs\assets\blue_hub_sensitivity_table.csv","2814","43c25bbb33902afb7f886e01b91158c00925bf0baac33c80d7c4741753bc53df","COPIED_V4_FOUNDATION_NO_V4_4_9"
"modules\4.5_storage_hydrogen\docs\assets\blue_hub_summary_table.csv","foundation\modules\4.5_storage_hydrogen\docs\assets\blue_hub_summary_table.csv","773","c606e1409d1dc3a31b24c5dbbced73d1ad50b38e709bb90d9ced799dbece15eb","COPIED_V4_FOUNDATION_NO_V4_4_9"
"modules\4.5_storage_hydrogen\docs\assets\blue_hub_timeseries_input_template.csv","foundation\modules\4.5_storage_hydrogen\docs\assets\blue_hub_timeseries_input_template.csv","689","96013d44072c89425081f3041f0adf930345859425e833126254d48d9e6c625e","COPIED_V4_FOUNDATION_NO_V4_4_9"
"modules\4.5_storage_hydrogen\docs\assets\fig01_system_coupling.png","foundation\modules\4.5_storage_hydrogen\docs\assets\fig01_system_coupling.png","161432","580fe86a38a3e9af2d1f8941a86515e0fdc39da396d0b861dbcb274754d3bc7f","COPIED_V4_FOUNDATION_NO_V4_4_9"
"modules\4.5_storage_hydrogen\docs\assets\fig02_electrolyzer_envelope.png","foundation\modules\4.5_storage_hydrogen\docs\assets\fig02_electrolyzer_envelope.png","322087","d72bffd22aee3da111394cfa554efd91c25df89212508b47bdf5e9045dd4bc2c","COPIED_V4_FOUNDATION_NO_V4_4_9"
"modules\4.5_storage_hydrogen\docs\assets\fig03_24h_power_dispatch.png","foundation\modules\4.5_storage_hydrogen\docs\assets\fig03_24h_power_dispatch.png","202972","18935202f2ec91daacaaae5141c675b45f73e33fdbcdc161de491c715d4026bf","COPIED_V4_FOUNDATION_NO_V4_4_9"
"modules\4.5_storage_hydrogen\docs\assets\fig04_hydrogen_inventory.png","foundation\modules\4.5_storage_hydrogen\docs\assets\fig04_hydrogen_inventory.png","305135","9d7f2a054802aaacf1555f0b98e92efca13269b5beb3facbebc0edc7ff2eb272","COPIED_V4_FOUNDATION_NO_V4_4_9"
"modules\4.5_storage_hydrogen\docs\assets\fig05_scenario_comparison.png","foundation\modules\4.5_storage_hydrogen\docs\assets\fig05_scenario_comparison.png","304692","90ed5772592bde0b54e6c55f611996af42dd85e1135082d5624b8a6f8a88821c","COPIED_V4_FOUNDATION_NO_V4_4_9"
"modules\4.5_storage_hydrogen\docs\assets\fig06_economic_heatmap.png","foundation\modules\4.5_storage_hydrogen\docs\assets\fig06_economic_heatmap.png","416636","38a5c0cb3395891313782c2c50c7ac104d451802e7199152b3fb173874a00a70","COPIED_V4_FOUNDATION_NO_V4_4_9"
"modules\4.5_storage_hydrogen\docs\assets\fig07_multiscale_validation.png","foundation\modules\4.5_storage_hydrogen\docs\assets\fig07_multiscale_validation.png","249267","72a2dd710034df26aa83e0b56d976557c6349bae4384998570770b2d0891621c","COPIED_V4_FOUNDATION_NO_V4_4_9"
"modules\4.5_storage_hydrogen\docs\assets\fig08_operational_72h.png","foundation\modules\4.5_storage_hydrogen\docs\assets\fig08_operational_72h.png","119152","5f9ca2beeecfea449a473e175f672e6fd61f0770026442122032979b94c7f3c7","COPIED_V4_FOUNDATION_NO_V4_4_9"
"modules\4.5_storage_hydrogen\docs\assets\fig09_gfm_step_seconds.png","foundation\modules\4.5_storage_hydrogen\docs\assets\fig09_gfm_step_seconds.png","131173","b2f77f877d3378a24d560a5759656c1bf8ea6ebc0474d8787f290f5af8c749bd","COPIED_V4_FOUNDATION_NO_V4_4_9"
"modules\4.5_storage_hydrogen\docs\assets\fig10_black_start_seconds.png","foundation\modules\4.5_storage_hydrogen\docs\assets\fig10_black_start_seconds.png","152383","565c65dbfa412034baa949c505409d52ce24c9fa09bf846733832df059ba4d86","COPIED_V4_FOUNDATION_NO_V4_4_9"
"modules\4.5_storage_hydrogen\docs\assets\fig11_seasonal_8760h.png","foundation\modules\4.5_storage_hydrogen\docs\assets\fig11_seasonal_8760h.png","150365","f6c836c064bee407a8b2505144e4db2f2dbd5572913a557b5e1a952d718fa104","COPIED_V4_FOUNDATION_NO_V4_4_9"
"modules\4.5_storage_hydrogen\docs\电能制氢建模.md","foundation\modules\4.5_storage_hydrogen\docs\电能制氢建模.md","39183","0dd86c59b115b427db50b5be6d33f21d881b6253d2af3a0f18d25228f8831de0","COPIED_V4_FOUNDATION_NO_V4_4_9"
"modules\4.5_storage_hydrogen\integration\v4_apply_4_5_parameter_overlay.m","foundation\modules\4.5_storage_hydrogen\integration\v4_apply_4_5_parameter_overlay.m","2237","5170bf2f95bce96d1dfd35e77a00312c6d1bd3e05f16159d8e941d91db67bb51","COPIED_V4_FOUNDATION_NO_V4_4_9"
"modules\4.5_storage_hydrogen\integration\v4_finalize_4_5_packet.m","foundation\modules\4.5_storage_hydrogen\integration\v4_finalize_4_5_packet.m","3151","62cd3ddfc425eee22a58d0d8ada545551257e154149adca7e61db2e523d85bbe","COPIED_V4_FOUNDATION_NO_V4_4_9"
"modules\4.5_storage_hydrogen\integration\v4_storage_hydrogen_boundary_4_5.m","foundation\modules\4.5_storage_hydrogen\integration\v4_storage_hydrogen_boundary_4_5.m","6369","265fc3b4589bd686bfb51619dbaa1645f4954e6e9f2fc1669345834a1a79b97d","COPIED_V4_FOUNDATION_NO_V4_4_9"
"modules\4.5_storage_hydrogen\integration\v4_storage_hydrogen_response.m","foundation\modules\4.5_storage_hydrogen\integration\v4_storage_hydrogen_response.m","2548","1cd8843241c03e2937fb8f3ddcaf9ff27067af961a475b3b1e7c4614fda8376e","COPIED_V4_FOUNDATION_NO_V4_4_9"
"modules\4.5_storage_hydrogen\model\v4_gfm_parameters_4_5.m","foundation\modules\4.5_storage_hydrogen\model\v4_gfm_parameters_4_5.m","1790","97861cedbfc34df6f415a6a742703816120fdfdbcb212e73e59900088cdebce5","COPIED_V4_FOUNDATION_NO_V4_4_9"
"modules\4.5_storage_hydrogen\model\v4_gfm_regfm_b1_dynamic_4_5.m","foundation\modules\4.5_storage_hydrogen\model\v4_gfm_regfm_b1_dynamic_4_5.m","15164","c7a56aeb74a417421727204bfc0334221252ea618bf247d3f60392bcfa135e53","COPIED_V4_FOUNDATION_NO_V4_4_9"
"modules\4.5_storage_hydrogen\model\v4_seasonal_hydrogen_storage_4_5.m","foundation\modules\4.5_storage_hydrogen\model\v4_seasonal_hydrogen_storage_4_5.m","4719","390526e7ff100594e71aa85feb1710c803b7207fe9514c33edbbb38bec080744","COPIED_V4_FOUNDATION_NO_V4_4_9"
"modules\4.5_storage_hydrogen\model\v4_storage_hydrogen_core_4_5.m","foundation\modules\4.5_storage_hydrogen\model\v4_storage_hydrogen_core_4_5.m","13758","bf946c389fac454516bebb647eb50d46846dc98b5e589b51333563dcbeb2b83b","COPIED_V4_FOUNDATION_NO_V4_4_9"
"modules\4.5_storage_hydrogen\README.md","foundation\modules\4.5_storage_hydrogen\README.md","5815","7051712b45ada9c74a395042ee22f21b279c127e399a7474f964f58480e462f0","COPIED_V4_FOUNDATION_NO_V4_4_9"
"modules\4.5_storage_hydrogen\reference_model\blue_hub_demo_and_figures.m","foundation\modules\4.5_storage_hydrogen\reference_model\blue_hub_demo_and_figures.m","25812","26a83174d229390bb3c05ce2eb2cd39541c3b99188c6d835bbafefa9ee9cd520","COPIED_V4_FOUNDATION_NO_V4_4_9"
"modules\4.5_storage_hydrogen\reference_model\电能制氢建模 修改版1.docx","foundation\modules\4.5_storage_hydrogen\reference_model\电能制氢建模 修改版1.docx","1284521","841e5a2dac83dcd0d04e9338f83d453e05398a155d31a6e7c886e3f46d0f8682","COPIED_V4_FOUNDATION_NO_V4_4_9"
"modules\4.5_storage_hydrogen\reference_model\电能制氢模型多表合一.xlsx","foundation\modules\4.5_storage_hydrogen\reference_model\电能制氢模型多表合一.xlsx","40387","242873a436540b4aa495da4051a6830818c3b311b5786c0e4ab0fda295f609c8","COPIED_V4_FOUNDATION_NO_V4_4_9"
"modules\4.5_storage_hydrogen\run_4_5_standalone_validation.m","foundation\modules\4.5_storage_hydrogen\run_4_5_standalone_validation.m","24800","ede233e49a4a999e3cf89ac64148a5685bb93d3d23ca3a74a2f22836903af8f0","COPIED_V4_FOUNDATION_NO_V4_4_9"
"modules\4.5_storage_hydrogen\tests\run_all_tests_4_5.m","foundation\modules\4.5_storage_hydrogen\tests\run_all_tests_4_5.m","305","9d9db028ec5f5b936d84883d90c3b00e5ade5cc968dddad14e1dd2f4e64aa229","COPIED_V4_FOUNDATION_NO_V4_4_9"
"modules\4.6_compute\DC_model_v2_1\config\default.json","foundation\modules\4.6_compute\DC_model_v2_1\config\default.json","1034","ecd31a903639281e0fb8067f2d1102efaad780f380898e0a55516e636b8496dc","COPIED_V4_FOUNDATION_NO_V4_4_9"
"modules\4.6_compute\DC_model_v2_1\config\power_shortage_test.json","foundation\modules\4.6_compute\DC_model_v2_1\config\power_shortage_test.json","1045","806975681a5026742ea45faaf90c7207a9d1cf520fe3ffbaceb1d098a795146b","COPIED_V4_FOUNDATION_NO_V4_4_9"
"modules\4.6_compute\DC_model_v2_1\config\raw_power_following.json","foundation\modules\4.6_compute\DC_model_v2_1\config\raw_power_following.json","826","d1c4aa33ec9e73dd3c5bd50144db793c6da074acc5ed19ea84ebe185577f29d1","COPIED_V4_FOUNDATION_NO_V4_4_9"
"modules\4.6_compute\DC_model_v2_1\CURRENT_UDC_DATA_CHECK.md","foundation\modules\4.6_compute\DC_model_v2_1\CURRENT_UDC_DATA_CHECK.md","1547","992ac5cf3d660842fbf2a1bce49d1a39a1fa4ab4a8b8ebf246602572bd493e9a","COPIED_V4_FOUNDATION_NO_V4_4_9"
"modules\4.6_compute\DC_model_v2_1\DATA_UPDATE_GUIDE.md","foundation\modules\4.6_compute\DC_model_v2_1\DATA_UPDATE_GUIDE.md","3476","c9e1976d5e42aa22b43085e04266468e4159c30b68549f6f1bce7c3e0e30c1cf","COPIED_V4_FOUNDATION_NO_V4_4_9"
"modules\4.6_compute\DC_model_v2_1\README.md","foundation\modules\4.6_compute\DC_model_v2_1\README.md","1089","df81479332f9394117d367af0d06a48d7c364a6f85eaf5a3504fa3dc21a9a5d3","COPIED_V4_FOUNDATION_NO_V4_4_9"
"modules\4.6_compute\DC_model_v2_1\requirements.txt","foundation\modules\4.6_compute\DC_model_v2_1\requirements.txt","67","425e872219b0c44920cb83c855c206241a5d373fa4c753b88b450ce081679232","COPIED_V4_FOUNDATION_NO_V4_4_9"
"modules\4.6_compute\DC_model_v2_1\run_model.bat","foundation\modules\4.6_compute\DC_model_v2_1\run_model.bat","361","3034e906d1d2ff62a575f4c0ea0914772df16a4876f23ff09e0f3c6860b716c8","COPIED_V4_FOUNDATION_NO_V4_4_9"
"modules\4.6_compute\DC_model_v2_1\run_raw_model.bat","foundation\modules\4.6_compute\DC_model_v2_1\run_raw_model.bat","365","6fb3aea9fe2ae1e7122a9a99a45a3aa0ffbdac4ead605645034720dbf26c5f1c","COPIED_V4_FOUNDATION_NO_V4_4_9"
"modules\4.6_compute\DC_model_v2_1\scripts\check_data.py","foundation\modules\4.6_compute\DC_model_v2_1\scripts\check_data.py","1072","09b5936f42381ffaceaf4eb5763376ffd548adba9a680bd7b9915e125abf7648","COPIED_V4_FOUNDATION_NO_V4_4_9"
"modules\4.6_compute\DC_model_v2_1\scripts\plot_results.py","foundation\modules\4.6_compute\DC_model_v2_1\scripts\plot_results.py","12576","10b47bd88db4f192140fcc9e4410f0d4b733883ae09218cbdc8dc4243adb6a7f","COPIED_V4_FOUNDATION_NO_V4_4_9"
"modules\4.6_compute\DC_model_v2_1\scripts\run_model.py","foundation\modules\4.6_compute\DC_model_v2_1\scripts\run_model.py","1638","b606a3c9f9caa06c0f3d439a9329a91c3e6c60ea41a7feef68012113beee8742","COPIED_V4_FOUNDATION_NO_V4_4_9"
"modules\4.6_compute\DC_model_v2_1\scripts\run_raw_model.py","foundation\modules\4.6_compute\DC_model_v2_1\scripts\run_raw_model.py","1644","01a65af1ee5dc16bb37d48309a89251e22219900a9f68785cb623fc416022fc8","COPIED_V4_FOUNDATION_NO_V4_4_9"
"modules\4.6_compute\DC_model_v2_1\src\udc_dc_only\__init__.py","foundation\modules\4.6_compute\DC_model_v2_1\src\udc_dc_only\__init__.py","79","19f7ba1e22f29be4bce74ff1c0401b3885748215396c38a1a10676875af5d045","COPIED_V4_FOUNDATION_NO_V4_4_9"
"modules\4.6_compute\DC_model_v2_1\src\udc_dc_only\config.py","foundation\modules\4.6_compute\DC_model_v2_1\src\udc_dc_only\config.py","1478","2655c39b6b7cd2287fc1c9a0a7bbd5013500b0eaa308a73053ee3c5f22be9844","COPIED_V4_FOUNDATION_NO_V4_4_9"
"modules\4.6_compute\DC_model_v2_1\src\udc_dc_only\data_loader.py","foundation\modules\4.6_compute\DC_model_v2_1\src\udc_dc_only\data_loader.py","19656","ac3598fb57afffdefb8cec51b54bfdeb0901f3e7cff08dca26ca8f4ac69d13d0","COPIED_V4_FOUNDATION_NO_V4_4_9"
"modules\4.6_compute\DC_model_v2_1\src\udc_dc_only\model.py","foundation\modules\4.6_compute\DC_model_v2_1\src\udc_dc_only\model.py","23054","25a275dcce571aa53cf25c7b6ed12312e443078ea57f524600a94a3bcbf01c50","COPIED_V4_FOUNDATION_NO_V4_4_9"
"modules\4.6_compute\DC_model_v2_1\src\udc_dc_only\pue.py","foundation\modules\4.6_compute\DC_model_v2_1\src\udc_dc_only\pue.py","3288","b484c29c6d2c94682a9caf57adde733d4cd8deb86fc3c39d8776ba52908284fc","COPIED_V4_FOUNDATION_NO_V4_4_9"
"modules\4.6_compute\DC_model_v2_1\src\udc_dc_only\raw_model.py","foundation\modules\4.6_compute\DC_model_v2_1\src\udc_dc_only\raw_model.py","15031","f445505feb95ddf2744de771ad21522ceacff22792888936afa3fbfc60c1bde3","COPIED_V4_FOUNDATION_NO_V4_4_9"
"modules\4.6_compute\DC_model_v2_1\src\udc_dc_only\reporting.py","foundation\modules\4.6_compute\DC_model_v2_1\src\udc_dc_only\reporting.py","2832","7cd8a8ddf9e2703c0c6c3e643fc2ff032c20eaf55ef808aa96f6b01506dda0e7","COPIED_V4_FOUNDATION_NO_V4_4_9"
"modules\4.6_compute\DC_model_v2_1\tests\test_smoke.py","foundation\modules\4.6_compute\DC_model_v2_1\tests\test_smoke.py","870","7b064910b6ce535827addb578d3ddcb1b5e11b5fbc8f5bedb3a4e31dfd072cc5","COPIED_V4_FOUNDATION_NO_V4_4_9"
"modules\4.6_compute\DC_model_v2_1\UDC_data\01_Workload\green_compute_v1_168h.csv","foundation\modules\4.6_compute\DC_model_v2_1\UDC_data\01_Workload\green_compute_v1_168h.csv","19653","a7c4cc5ccc17470bd105a381d37be5736c4aa7ce7f22946836d7e44b385d87d9","COPIED_V4_FOUNDATION_NO_V4_4_9"
"modules\4.6_compute\DC_model_v2_1\UDC_data\01_Workload\task_type_parameters.csv","foundation\modules\4.6_compute\DC_model_v2_1\UDC_data\01_Workload\task_type_parameters.csv","184","f5dc588b109eacef2a1aa76388aab759c8304ec3f96d0135f3c43016692c385d","COPIED_V4_FOUNDATION_NO_V4_4_9"
"modules\4.6_compute\DC_model_v2_1\UDC_data\02_IT_System\it_system_parameters.csv","foundation\modules\4.6_compute\DC_model_v2_1\UDC_data\02_IT_System\it_system_parameters.csv","1019","0639201603f593eaa07e5ab0f8375d60a9441792988ebe0dbb20e65fa0b43ee8","COPIED_V4_FOUNDATION_NO_V4_4_9"
"modules\4.6_compute\DC_model_v2_1\UDC_data\03_Cooling_PUE\cmems_mod_glo_phy_my_0.083deg_P1D-m_1784401380657.nc","foundation\modules\4.6_compute\DC_model_v2_1\UDC_data\03_Cooling_PUE\cmems_mod_glo_phy_my_0.083deg_P1D-m_1784401380657.nc","60449","6cefdd2861fb68daf5bb703c01d6d972d36c36a4c68ad4a4336ed0d534e0c974","COPIED_V4_FOUNDATION_NO_V4_4_9"
"modules\4.6_compute\DC_model_v2_1\UDC_data\03_Cooling_PUE\cooling_parameters.csv","foundation\modules\4.6_compute\DC_model_v2_1\UDC_data\03_Cooling_PUE\cooling_parameters.csv","1646","bf0c9962f6a9d448eabd08aaba18d3da09ab4bdd5357283ea03f23f86e5d7b4c","COPIED_V4_FOUNDATION_NO_V4_4_9"
"modules\4.6_compute\DC_model_v2_1\UDC_data\04_Economics_Interface\compute_price.csv","foundation\modules\4.6_compute\DC_model_v2_1\UDC_data\04_Economics_Interface\compute_price.csv","820","29a6a3807261874eadd19c0f906f40c948895330b777d3c76822d9087e48a81f","COPIED_V4_FOUNDATION_NO_V4_4_9"
"modules\4.6_compute\DC_model_v2_1\UDC_data\04_Economics_Interface\market_reference_scenarios.csv","foundation\modules\4.6_compute\DC_model_v2_1\UDC_data\04_Economics_Interface\market_reference_scenarios.csv","1067","4acaf7df2b804a507e6ec6f12482ae449c799288da506ffe1553237bf0b353d3","COPIED_V4_FOUNDATION_NO_V4_4_9"
"modules\4.6_compute\DC_model_v2_1\UDC_data\04_Economics_Interface\power_interface.csv","foundation\modules\4.6_compute\DC_model_v2_1\UDC_data\04_Economics_Interface\power_interface.csv","754","885d192d04c8cc722e73c673a3df773871fcfa6b23677fe20328ee683426e5de","COPIED_V4_FOUNDATION_NO_V4_4_9"
"modules\4.6_compute\docs\4.6公开数据替代与市场校准清单.md","foundation\modules\4.6_compute\docs\4.6公开数据替代与市场校准清单.md","5670","dfec8b7f7894e11c54b9d7edb387dd121475dd8ed6558ab7aa09d8685931743e","COPIED_V4_FOUNDATION_NO_V4_4_9"
"modules\4.6_compute\docs\4.6绿色算力负荷模型与V4集成说明.md","foundation\modules\4.6_compute\docs\4.6绿色算力负荷模型与V4集成说明.md","5401","e7cbd6331e1e04d8ba16fca90177e7d28c3a18bcf77c33e640d6e9b926a82478","COPIED_V4_FOUNDATION_NO_V4_4_9"
"modules\4.6_compute\integration\README.md","foundation\modules\4.6_compute\integration\README.md","791","6cbd800b41721628ada77df0986b992697677ee4b1d7e29b195c65c90a974766","COPIED_V4_FOUNDATION_NO_V4_4_9"
"modules\4.6_compute\integration\v4_compute_boundary_4_6.m","foundation\modules\4.6_compute\integration\v4_compute_boundary_4_6.m","1148","3e153d0f67a2feeecabfd43801612f9ca7dc7f8ae08abd187830d28ecb969f38","COPIED_V4_FOUNDATION_NO_V4_4_9"
"modules\4.6_compute\integration\v4_compute_bridge.py","foundation\modules\4.6_compute\integration\v4_compute_bridge.py","7544","3f15b073707be0a91f83fbf7cd7ce3bd50dd30d36fb68104a35302a6c113bf16","COPIED_V4_FOUNDATION_NO_V4_4_9"
"modules\4.6_compute\README.md","foundation\modules\4.6_compute\README.md","2260","23f22ceebb7095e372d18a0fbf4eeb5f6708db65cd622fd480d827dc4a64935d","COPIED_V4_FOUNDATION_NO_V4_4_9"
"modules\4.7_outputs\delivery_model\configs\parameters.yaml","foundation\modules\4.7_outputs\delivery_model\configs\parameters.yaml","4389","eff72eb447ee7f9c6a27275a9aa6c426df1da8dec91794d2bdaa4f8c1aa3ebde","COPIED_V4_FOUNDATION_NO_V4_4_9"
"modules\4.7_outputs\delivery_model\examples\run_example.py","foundation\modules\4.7_outputs\delivery_model\examples\run_example.py","1765","dacf04757c08d6dd6b27c53ec2da4c68c0ac95b7320d66353811c9578ab7b828","COPIED_V4_FOUNDATION_NO_V4_4_9"
"modules\4.7_outputs\delivery_model\pyproject.toml","foundation\modules\4.7_outputs\delivery_model\pyproject.toml","479","2ade356122c3eea684a9594d008a0ca9d058b35fa25b97323cc8f61fbedb2ead","COPIED_V4_FOUNDATION_NO_V4_4_9"
"modules\4.7_outputs\delivery_model\README.md","foundation\modules\4.7_outputs\delivery_model\README.md","4148","a7e4e39f1f32ba068975c38a4ca6b862c31d55f03692906f6e491956b47265fb","COPIED_V4_FOUNDATION_NO_V4_4_9"
"modules\4.7_outputs\delivery_model\src\bluehub_submodules\__init__.py","foundation\modules\4.7_outputs\delivery_model\src\bluehub_submodules\__init__.py","1531","2e672af66020b78f446f0a6ede391f1745788e90fde2a2050942f7e67af4d118","COPIED_V4_FOUNDATION_NO_V4_4_9"
"modules\4.7_outputs\delivery_model\src\bluehub_submodules\balance.py","foundation\modules\4.7_outputs\delivery_model\src\bluehub_submodules\balance.py","5935","655bccc76625a6ca278ec66e0a5d3b7c6ab98f1098f85612b92b7432c4538c26","COPIED_V4_FOUNDATION_NO_V4_4_9"
"modules\4.7_outputs\delivery_model\src\bluehub_submodules\compute_load.py","foundation\modules\4.7_outputs\delivery_model\src\bluehub_submodules\compute_load.py","3824","84f21cb3098f6c0997fa011a609318057d8b52a7b48a2b272157ad5a549b2b91","COPIED_V4_FOUNDATION_NO_V4_4_9"
"modules\4.7_outputs\delivery_model\src\bluehub_submodules\constraints.py","foundation\modules\4.7_outputs\delivery_model\src\bluehub_submodules\constraints.py","4811","b9d9bf4d13956c8f48e89ed05d366b70f4e3c2f179ae04081186cbce50c9ea35","COPIED_V4_FOUNDATION_NO_V4_4_9"
"modules\4.7_outputs\delivery_model\src\bluehub_submodules\hydrogen_output.py","foundation\modules\4.7_outputs\delivery_model\src\bluehub_submodules\hydrogen_output.py","6465","46f52fe352d3c820a19229ac9d5f61067985112f01f15193d08bd87226de3eb0","COPIED_V4_FOUNDATION_NO_V4_4_9"
"modules\4.7_outputs\delivery_model\src\bluehub_submodules\marine_load.py","foundation\modules\4.7_outputs\delivery_model\src\bluehub_submodules\marine_load.py","3018","20a3ce235dd069ace23e11396d279c2021eb755a6e2b8470783d46d0f8fad66d","COPIED_V4_FOUNDATION_NO_V4_4_9"
"modules\4.7_outputs\delivery_model\src\bluehub_submodules\objectives.py","foundation\modules\4.7_outputs\delivery_model\src\bluehub_submodules\objectives.py","3022","5def181c53527cf147f781edf865c308bba72dd590c7c1bb24a971d3137d609b","COPIED_V4_FOUNDATION_NO_V4_4_9"
"modules\4.7_outputs\delivery_model\src\bluehub_submodules\parameters.py","foundation\modules\4.7_outputs\delivery_model\src\bluehub_submodules\parameters.py","4581","ca1d75f28af5309384838cda1079d31ff726b4d98b810e9b781b22c887a80286","COPIED_V4_FOUNDATION_NO_V4_4_9"
"modules\4.7_outputs\delivery_model\src\bluehub_submodules\power_export.py","foundation\modules\4.7_outputs\delivery_model\src\bluehub_submodules\power_export.py","4007","bccc111556311094e90338457ef98906e3a21bc00b75c3f7045847d60c9939a0","COPIED_V4_FOUNDATION_NO_V4_4_9"
"modules\4.7_outputs\delivery_model\src\bluehub_submodules\scenario.py","foundation\modules\4.7_outputs\delivery_model\src\bluehub_submodules\scenario.py","3248","e5931033522ac85a2e4990d175db059c04dc16256383fdc87c7f2b4a57cf073a","COPIED_V4_FOUNDATION_NO_V4_4_9"
"modules\4.7_outputs\delivery_model\tests\test_compute_load.py","foundation\modules\4.7_outputs\delivery_model\tests\test_compute_load.py","1685","a05592a5f97ca9f3a06da4a28c6e50276e599f48b8579bf760ce6e2a6c3fe5cc","COPIED_V4_FOUNDATION_NO_V4_4_9"
"modules\4.7_outputs\delivery_model\tests\test_constraints.py","foundation\modules\4.7_outputs\delivery_model\tests\test_constraints.py","898","340a3c31181fecfc238e901c5a673734293a6b65066cb4340887939cb5ebdfc3","COPIED_V4_FOUNDATION_NO_V4_4_9"
"modules\4.7_outputs\delivery_model\tests\test_hydrogen_output.py","foundation\modules\4.7_outputs\delivery_model\tests\test_hydrogen_output.py","1859","273120646b10a001e40ecaebec051b0b882dca41825ac9a608bf27041b4e8881","COPIED_V4_FOUNDATION_NO_V4_4_9"
"modules\4.7_outputs\delivery_model\tests\test_integrated_balance.py","foundation\modules\4.7_outputs\delivery_model\tests\test_integrated_balance.py","2681","3f5b3f27703be106a48f8572fe04c0c094e2420f6d7cb0919b1701f9c86da52d","COPIED_V4_FOUNDATION_NO_V4_4_9"
"modules\4.7_outputs\delivery_model\tests\test_marine_load.py","foundation\modules\4.7_outputs\delivery_model\tests\test_marine_load.py","1044","6949ebb4080dfd6919eb98682d2f7c7cb472a6a712ecb0c669b54d25e673f8f9","COPIED_V4_FOUNDATION_NO_V4_4_9"
"modules\4.7_outputs\delivery_model\tests\test_parameters.py","foundation\modules\4.7_outputs\delivery_model\tests\test_parameters.py","1977","cd78db5f0069bf2d492788b32a3111b2065da9c88988f5adb72b98415e5b4070","COPIED_V4_FOUNDATION_NO_V4_4_9"
"modules\4.7_outputs\delivery_model\tests\test_power_export.py","foundation\modules\4.7_outputs\delivery_model\tests\test_power_export.py","1114","2fbc2dd61cd40de771f2cd74a97114d64995f7db20222c49cde95e576f5dad36","COPIED_V4_FOUNDATION_NO_V4_4_9"
"modules\4.7_outputs\delivery_model\uv.lock","foundation\modules\4.7_outputs\delivery_model\uv.lock","15872","5a95c6da871e400e6f428a8c32c41b849923bb98655717d78419d041f164eb47","COPIED_V4_FOUNDATION_NO_V4_4_9"
"modules\4.7_outputs\delivery_model\目标函数与约束条件.md","foundation\modules\4.7_outputs\delivery_model\目标函数与约束条件.md","4174","12310b3e4d88bfcb69d5dbfae7c5ee56c5a746acd964c7c3a2274b9bdaa40998","COPIED_V4_FOUNDATION_NO_V4_4_9"
"modules\4.7_outputs\docs\工程使用说明.md","foundation\modules\4.7_outputs\docs\工程使用说明.md","4204","bf763f97673f1b88a995ef9802b3ed5f493949e85154cd39a3c8e53a458cdbb4","COPIED_V4_FOUNDATION_NO_V4_4_9"
"modules\4.7_outputs\integration\v4_output_bridge.py","foundation\modules\4.7_outputs\integration\v4_output_bridge.py","3242","f43a972c8d639581526f0cec5b4712a1203ccc6c1c0559834cbe69d0702ab695","COPIED_V4_FOUNDATION_NO_V4_4_9"
"modules\4.7_outputs\README.md","foundation\modules\4.7_outputs\README.md","1602","90a56d3b3379cf4c453e5b5fed348e3310bab72691b6645996646285d522fda8","COPIED_V4_FOUNDATION_NO_V4_4_9"
"modules\4.8_objectives\docs\08_4.8-4.9目标架构.md","foundation\modules\4.8_objectives\docs\08_4.8-4.9目标架构.md","16848","bf4efa6a67ff65815430f4de77c0e6f99b487c4f998b18e8cd0bb1a8be0ba7ff","COPIED_V4_FOUNDATION_NO_V4_4_9"
"modules\4.8_objectives\docs\4.8多目标评价说明.md","foundation\modules\4.8_objectives\docs\4.8多目标评价说明.md","9350","1f6fa869e2892dd2016f8c850338dfe6b05132b3330c14ab111297fc2b09018c","COPIED_V4_FOUNDATION_NO_V4_4_9"
"modules\4.8_objectives\docs\4.8全生命周期经济性参数与重算结果.md","foundation\modules\4.8_objectives\docs\4.8全生命周期经济性参数与重算结果.md","10932","0b5fbaf645a2312c0f89cf4028cf573ec4e18831bc83aa7a4ea01f23a82389d9","COPIED_V4_FOUNDATION_NO_V4_4_9"
"modules\4.8_objectives\docs\4.8容量统一与资产开关审计.md","foundation\modules\4.8_objectives\docs\4.8容量统一与资产开关审计.md","4352","6e96817c7ce0d2298f630c0461eb03ea643a856d04c4e2c9a9cf3e9b1a020b4b","COPIED_V4_FOUNDATION_NO_V4_4_9"
"modules\4.8_objectives\model\v4_capacity_audit_4_8.m","foundation\modules\4.8_objectives\model\v4_capacity_audit_4_8.m","5662","d6da22af15f0df9e26517ac1ae80da1503ef300e84b0ae52b33a873d01088186","COPIED_V4_FOUNDATION_NO_V4_4_9"
"modules\4.8_objectives\model\v4_evaluate_objectives_4_8.m","foundation\modules\4.8_objectives\model\v4_evaluate_objectives_4_8.m","13693","6678d5fa244088fa6302cd7adfec2af5ade2883b03a9b2b6c2345dd27742fcea","COPIED_V4_FOUNDATION_NO_V4_4_9"
"modules\4.8_objectives\model\v4_hydrogen_storage_sizing_4_8.m","foundation\modules\4.8_objectives\model\v4_hydrogen_storage_sizing_4_8.m","1924","440a1ab70986a45df081de9c8df5b800210b61f97c98f08cd2063d1f8c5691f1","COPIED_V4_FOUNDATION_NO_V4_4_9"
"modules\4.8_objectives\model\v4_levelized_source_cost_4_8.m","foundation\modules\4.8_objectives\model\v4_levelized_source_cost_4_8.m","2456","a51ccbb45935c59c55bdb1ae0503fa79ad394485466e266d3aca11efe0004071","COPIED_V4_FOUNDATION_NO_V4_4_9"
"modules\4.8_objectives\model\v4_lifecycle_economics_4_8.m","foundation\modules\4.8_objectives\model\v4_lifecycle_economics_4_8.m","13118","4986e8ddc560aa4d393686a8b7ea22844c974b6198c06eeb345afee60024dcf8","COPIED_V4_FOUNDATION_NO_V4_4_9"
"modules\4.8_objectives\model\v4_objective_parameters_4_8.m","foundation\modules\4.8_objectives\model\v4_objective_parameters_4_8.m","5641","d4d10aadb13647da8497e2af3f6aee02ab9f7aeac5ea21fd7922f6b963c92caa","COPIED_V4_FOUNDATION_NO_V4_4_9"
"modules\4.8_objectives\model\v4_public_generation_cost_benchmarks_4_8.m","foundation\modules\4.8_objectives\model\v4_public_generation_cost_benchmarks_4_8.m","2384","9e8e183f00d6360de972a90158f6b50ea5f40c78c9b8e41cca42e9b897b1550c","COPIED_V4_FOUNDATION_NO_V4_4_9"
"modules\4.8_objectives\model\v4_validate_evaluation_4_8.m","foundation\modules\4.8_objectives\model\v4_validate_evaluation_4_8.m","4084","fe94c801aa172950a4d4c8f9d1ca5f328d6d633411ed71696856f7f05572add0","COPIED_V4_FOUNDATION_NO_V4_4_9"
"modules\4.8_objectives\README.md","foundation\modules\4.8_objectives\README.md","2929","b6e976bee3816efd25877a0be514e0c54a3dbe73edc66e0b5206d0003deb2b50","COPIED_V4_FOUNDATION_NO_V4_4_9"
"somedata\nasa_power_hourly_gd_offshore_20250601_20250607.csv","somedata\nasa_power_hourly_gd_offshore_20250601_20250607.csv","6223","be2344b59352a2216ecef62613107a5b283b3aaa47ecc65e5441340660b34ac1","COPIED_PUBLIC_RESOURCE_PROXY"
"somedata\nasa_power_hourly_gd_offshore_20250601_20250607_utc.csv","somedata\nasa_power_hourly_gd_offshore_20250601_20250607_utc.csv","6228","f4f7986b82801d29e364c09d241ad7e99eac2213cf48a48cda8d3eba1673f0ce","COPIED_PUBLIC_RESOURCE_PROXY"
"somedata\open_meteo_marine_gd_offshore_20250601_20250607.csv","somedata\open_meteo_marine_gd_offshore_20250601_20250607.csv","7705","770ce8a8ea81111c4c6b967df445a39839bbe6f983be69a675f1d2e6da855f7d","COPIED_PUBLIC_RESOURCE_PROXY"
"somedata\public_data_manifest.csv","somedata\public_data_manifest.csv","2866","5cddbfe2d93e862eaa3e5862dfae558c395674a8dc879b1d847d7867d4288ea2","COPIED_PUBLIC_RESOURCE_PROXY"
"somedata\public_reference_parameters.yaml","somedata\public_reference_parameters.yaml","1502","1dff6aa71a40ad9c6580aab1d7bb3aaa02e033a4a547e14ecf629ff029d8336d","COPIED_PUBLIC_RESOURCE_PROXY"
"somedata\README.md","somedata\README.md","3878","6861399957e84b1a63b2a6a825a3cabc630e27af7f448bb5d874e7b5d6e687c0","COPIED_PUBLIC_RESOURCE_PROXY"
