timeH,sourceAvailableMW,sourceActualMW,sourceAuxMW,collectionLossMW,bessChargeRequestedMW,bessChargeActualMW,bessDischargeRequestedMW,bessDischargeActualMW,electrolyzerRequestedMW,electrolyzerActualMW,bessSOC,bessEnergyMWh,h2ProductionKg,h2InventoryKg,h2StorageLossKg,waterConsumptionM3,electrolyzerOnlineModules,electrolyzerStartEvent,computeRequestedMW,dcFacilityActualMW,itPowerMW,dcAuxPowerMW,pue,computeServedMWhCS,computeQueueMWhCS,computeRigidUnservedMWhCS,computeFlexOverdueMWhCS,computeSpotDroppedMWhCS,computeGrossRevenueCNY,computeSLAPenaltyCNY,marineRequestedMW,marineActualMW,marineUnservedMW,exportInitialRequestedMW,exportFinalRequestedMW,exportSendActualMW,cableReceiveMW,cableLossMW,h2WithdrawnKg,h2DeliveredKg,h2PipeDeliveredKg,h2ShipDeliveredKg,computeReleasedMW,marineTopUpMW,exportTopUpMW,electrolyzerTopUpMW,spillMW,criticalUnservedMW,totalUnservedMW,busResidualMW,windAvailableMW,windActualMW,windAuxMW,windCollectionLossMW,pvAvailableMW,pvActualMW,pvAuxMW,pvCollectionLossMW,tidalAvailableMW,tidalActualMW,tidalAuxMW,tidalCollectionLossMW
0,18.7973740673846,18.7131635697036,0.2845,0.382037190986601,0,0,0,0,0,0,0.5,80,0,0,0,0,0,0,0,0,0,0,1,0,0,0,0,0,0,0,18,17.9786635697036,0.021336430296401,0,0,0,0,0,0,0,0,0,0,0,0,0,0,0,0.021336430296401,-2.43138842392909e-14,18.771404791689,18.687194294008,0.24,0.381371312122612,0,0,0.016,0,0.0259692756955965,0.0259692756955965,0.0285,0.000665878863989654
1,19.5742107050016,19.5321049038567,0.304,0.401515551029842,0.778104903856686,0.778104903856686,0,0,0,0,0.504619997866649,80.7391996586638,0,0,0,0,0,0,0,0,0,0,1,0,0,0,0,0,0,0,18,18,0,0,0,0,0,0,0,0,0,0,0,0,0,0,0,0,0,-2.22044604925031e-15,19.0197980282399,18.977692227095,0.24,0.387299841369287,0,0,0.016,0,0.554412676761641,0.554412676761641,0.048,0.0142157096605549
2,20.2218985405881,20.127120966541,0.304,0.416360809350556,1.37312096654097,1.37312096654097,0,0,0,0,0.512772903605486,82.0436645768778,0,0,0,0,0,0,0,0,0,0,1,0,0,0,0,0,0,0,18,18,0,0,0,0,0,0,0,0,0,0,0,0,0,0,0,0,0,-2.22044604925031e-15,19.0897393034055,19.0563420691595,0.24,0.388904940186928,0,0,0.016,0,1.13215923718262,1.0707788973815,0.048,0.0274558691636282
3,19.9746790785761,19.8712376467052,0.304,0.411186953543434,1.11723764670518,1.11723764670518,0,0,0,0,0.519406502132798,83.1050403412477,0,0,0,0,0,0,0,0,0,0,1,0,0,0,0,0,0,0,18,18,0,0,0,0,0,0,0,0,0,0,0,0,0,0,0,0,0,-2.22044604925031e-15,18.8085552939659,18.7912376467052,0.24,0.383494645851126,0,0,0.016,0,1.16612378461018,1.08,0.048,0.0276923076923077
4,14.5040068686893,14.499699607875,0.304,0.300155563228582,0,0,0,0,0,0,0.519406502132798,83.1050403412477,0,0,0,0,0,0,0,0,0,0,1,0,0,0,0,0,0,0,18,13.745699607875,4.254300392125,0,0,0,0,0,0,0,0,0,0,0,0,0,0,0,4.254300392125,-2.70894418008538e-14,13.6887999456053,13.6887999456053,0.24,0.279363264196026,0,0,0.016,0,0.815206923084017,0.810899662269708,0.048,0.0207922990325566
5,12.089730312646,12.089730312646,0.2965,0.247317752807439,0,0,1.25676968735395,1.25676968735395,0,0,0.511138280505469,81.7821248808751,0,0,0,0,0,0,0,0,0,0,1,0,0,0,0,0,0,0,18,12.6,5.4,0,0,0,0,0,0,0,0,0,0,0,0,0,0,0,5.4,-7.21644966006352e-16,11.9772559704641,11.9772559704641,0.24,0.244433795315593,0,0,0.016,0,0.112474342181968,0.112474342181968,0.0405,0.00288395749184534
6,44.0992037026981,44.0992037026981,0.268,0.89315956581995,25.3812037026981,25.3812037026981,0,0,0,0,0.661839177490239,105.894268398438,0,0,0,0,0,0,0,0,0,0,1,0,0,0,0,0,0,0,18,18,0,0,0,0,0,0,0,0,0,0,0,0,0,0,3.49720252756924e-15,0,0,0,42.781726891267,42.781726891267,0.24,0.873096467168715,1.3174768114311,1.3174768114311,0.016,0.0200630986512351,0,0,0.012,0
7,10.4676339913843,5.51326390152268,0.1807,0.100091119750958,0,0,7.71743609847732,7.71743609847732,0,0,0.611066571579205,97.7706514526727,0,0,0,0,0,0,0,0,0,0,1,0,0,0,0,0,0,0,18,12.6,5.4,0,0,0,0,0,0,0,0,0,0,0,0,0,0,0,5.4,-8.32667268468867e-16,6.0160367565283,1.06166666666667,0.0975,0.0216666666666667,3.43036977775036,3.43036977775036,0.0208,0.0522391336713252,1.02122745710566,1.02122745710566,0.0624,0.0261853194129657
8,111.339861436309,97.6179667941475,0.4864,1.97879038465043,48.6624721550813,48.6624721550813,0,0,0,0,0.9,144,0,0,0,0,0,0,30.0190946390661,30.0190946390661,27.8902491270282,2.12884551203788,1.07632938315975,27.7060701814689,0,0,0,0,164715.303510223,0,18,18,0,0,3.90798504668055e-14,3.90798504668055e-14,3.59534624294611e-14,3.12638803734444e-15,0,0,0,0,3.90798504668055e-14,0,3.90798504668055e-14,0,6.10622663543836e-15,0,0,0,99.0122713074743,85.3049719115445,0.384,1.74091779411315,7.47606098468601,7.47606098468601,0.0256,0.113848644436843,4.85152914414871,4.83693389791701,0.0768,0.124023946100436
9,141.650537610758,140.508516780413,0.5776,2.83951542647695,0,0,0,0,0,0,0.9,144,0,0,0,0,0,0,120,120,111.488332916311,8.51166708368879,1.07634581001474,110.72047559473,0,0,0,0,658244.082359259,0,18,18,0,1.48091678041271,1.48091678041274,1.48091678041274,1.36244343797972,0.118473342433019,0,0,0,0,2.8421709430404e-14,0,2.8421709430404e-14,0,0,0,0,-2.15938378289593e-14,122.236499662162,121.351655055072,0.456,2.47656438887902,12.3168617253407,12.3168617253407,0.0304,0.18756642221331,7.09717622325554,6.84,0.0912,0.175384615384615
10,160.664461511546,160.443923715895,0.6688,3.2199991471464,0,0,0,0,21.3251237158951,21.3251237158951,0.9,144,375.640720730934,0,0,5.97268745962185,2,1,120,120,111.488332916311,8.51166708368879,1.07634581001474,110.72047559473,0,0,0,0,658244.082359259,0,18,18,0,0,2.8421709430404e-14,2.8421709430404e-14,2.61479726759717e-14,2.27373675443232e-15,375.640720730934,368.127906316315,0,368.127906316315,2.8421709430404e-14,0,2.8421709430404e-14,0,0,0,0,-6.93889390390723e-15,137.953261994414,137.953261994414,0.528,2.81537269376355,16.7444792680426,16.5239414723917,0.0352,0.251633626483122,5.96672024908934,5.96672024908934,0.1056,0.152992826899727
11,178.710898015508,177.758539076429,0.715,3.53310769634656,0,0,0,0,38.5935390764291,38.5935390764291,0.9,144,679.822777460439,0,0,10.809182161621,2,0,120,120,111.488332916311,8.51166708368879,1.07634581001474,110.72047559473,0,0,0,0,658244.082359259,0,18,18,0,0,2.8421709430404e-14,2.8421709430404e-14,2.61479726759717e-14,2.27373675443232e-15,679.822777460439,666.22632191123,0,666.22632191123,2.8421709430404e-14,0,2.8421709430404e-14,0,0,0,0,-7.93809462606987e-15,158.285213042768,158.03285410369,0.6,3.2251602878304,19.7,19,0.04,0.289340101522843,0.725684972739423,0.725684972739423,0.075,0.0186073069933186
12,185.159942566619,184.179942566619,0.938,3.62099333736909,0,0,0,0,44.7919425666186,44.7919425666186,0.9,144,789.007267335187,0,0,12.5452155506295,3,0,120,120,111.488332916311,8.51166708368879,1.07634581001474,110.72047559473,0,0,0,0,658244.082359259,0,18,18,0,0,2.8421709430404e-14,2.8421709430404e-14,2.61479726759717e-14,2.27373675443232e-15,789.007267335187,773.227121988483,0,773.227121988483,2.8421709430404e-14,0,2.8421709430404e-14,0,0,0,0,-2.31481500634345e-14,157.579942566619,157.579942566619,0.84,3.21591719523711,27.58,26.6,0.056,0.40507614213198,0,0,0.042,0
13,167.407130156419,167.086817116951,1.043,3.28188627547394,0,0,0,0,27.5938171169512,27.5938171169512,0.9,144,486.063362990157,0,0,7.7284074715435,2,0,120,120,111.488332916311,8.51166708368879,1.07634581001474,110.72047559473,0,0,0,0,658244.082359259,0,18,18,0,0,2.8421709430404e-14,2.8421709430404e-14,2.61479726759717e-14,2.27373675443232e-15,486.063362990157,476.342095730354,0,476.342095730354,2.8421709430404e-14,0,2.8421709430404e-14,0,0,0,0,-4.94049245958195e-15,139.266714081308,139.266714081308,0.84,2.84217783839404,26.5988177386791,26.278504699211,0.056,0.400180274607274,1.5415983364325,1.5415983364325,0.147,0.0395281624726282
14,180.935077287039,180.935077287039,1.064,3.62037964559834,0,0,0,0,41.4210772870389,41.4210772870389,0.9,144,729.629686225804,0,0,11.6011120109903,3,0,120,120,111.488332916311,8.51166708368879,1.07634581001474,110.72047559473,0,0,0,0,658244.082359259,0,18,18,0,0,2.8421709430404e-14,2.8421709430404e-14,2.61479726759717e-14,2.27373675443232e-15,729.629686225804,715.037092501288,0,715.037092501288,2.8421709430404e-14,0,2.8421709430404e-14,0,0,0,0,-1.82631687550838e-14,149.386997427109,149.386997427109,0.84,3.0487142332063,22.7858296124777,22.7858296124777,0.056,0.346992329124026,8.7622502474525,8.7622502474525,0.168,0.224673083268013
15,0,0,0.266,0,0,0,13.316,13.316,0,0,0.812394736842105,129.983157894737,0,0,0,0,0,0,0,0,0,0,1,0,0,0,0,0,0,0,18,12.6,5.4,0,0,0,0,0,0,0,0,0,0,0,0,0,0,0,5.4,-6.66133814775094e-16,0,0,0.21,0,0,0,0.014,0,0,0,0.042,0
16,140.362776005763,89.3711654850923,0.7525,1.83202696744377,14.7545706371191,14.7545706371191,0,0,0,0,0.9,144,0,0,0,0,0,0,55.4140948479732,53.326560035,49.56,3.766560035,1.07600000070621,49.56,0,0,0,0,294639.058823529,0,18,18,0,0,2.08753481297317,2.08753481297317,1.92053202793532,0.167002785037853,0,0,0,0,2.08753481297317,0,2.08753481297317,0,1.12687636999453e-14,0,0,0,129.020431825003,78.3804883982693,0.5775,1.59960180404631,4.74301069651787,4.74301069651787,0.0385,0.0722285892870741,6.59933348424289,6.24766639030515,0.1365,0.160196574110388
17,234.86987314295,230.461305470744,1.064,4.69015985561273,0,0,0,0,90.9473054707439,90.9473054707439,0.9,144,1602.03109865675,0,0,25.4722944686424,5,1,120,120,111.488332916311,8.51166708368879,1.07634581001474,110.72047559473,0,0,0,0,658244.082359259,0,18,18,0,0,2.8421709430404e-14,2.8421709430404e-14,2.61479726759717e-14,2.27373675443232e-15,1602.03109865675,1569.99047668361,0,1569.99047668361,2.8421709430404e-14,0,2.8421709430404e-14,0,0,0,0,-1.82631687550838e-14,228.041677346981,223.633109674775,0.84,4.56394101377092,4.69269012419027,4.69269012419027,0.056,0.0714622861551818,2.13550567177841,2.13550567177841,0.168,0.0547565556866258
18,217.769529821233,217.769529821233,0.938,4.44262311945488,0,0,0,0,78.3815298212331,78.3815298212331,0.9,144,1380.68574636662,0,0,21.9529033672293,4,0,120,120,111.488332916311,8.51166708368879,1.07634581001474,110.72047559473,0,0,0,0,658244.082359259,0,18,18,0,0,2.8421709430404e-14,2.8421709430404e-14,2.61479726759717e-14,2.27373675443232e-15,1380.68574636662,1353.07203143929,0,1353.07203143929,2.8421709430404e-14,0,2.8421709430404e-14,0,0,0,0,-2.31481500634345e-14,217.450401767534,217.450401767534,0.84,4.43776330137825,0.319128053698638,0.319128053698638,0.056,0.00485981807662901,0,0,0.042,0
19,223.084448290387,222.204965262821,1.0325,4.54179828705121,0,0,0,0,82.7224652628211,82.7224652628211,0.9,144,1457.15105271836,0,0,23.1687017382219,5,0,120,120,111.488332916311,8.51166708368879,1.07634581001474,110.72047559473,0,0,0,0,658244.082359259,0,18,18,0,0,2.8421709430404e-14,2.8421709430404e-14,2.61479726759717e-14,2.27373675443232e-15,1457.15105271836,1428.00803166399,0,1428.00803166399,2.8421709430404e-14,0,2.8421709430404e-14,0,0,0,0,-1.2490009027033e-14,221.746160159903,220.866677132337,0.84,4.50748320678238,0,0,0.056,0,1.33828813048443,1.33828813048443,0.1365,0.0343150802688316
20,195.723339276837,195.723339276837,1.605,4.09440901649822,0,0,0,0,55.6683392768375,55.6683392768375,0.9,144,980.594315251673,0,0,15.5914496125016,3,0,120,120,111.488332916311,8.51166708368879,1.07634581001474,110.72047559473,0,0,0,0,658244.082359259,0,18,18,0,0,2.8421709430404e-14,2.8421709430404e-14,2.61479726759717e-14,2.27373675443232e-15,980.594315251673,960.98242894664,0,960.98242894664,2.8421709430404e-14,0,2.8421709430404e-14,0,0,0,0,-2.15938378289593e-14,176.602799403694,176.602799403694,1.125,3.60413876334069,0,0,0.12,0,19.1205398731438,19.1205398731438,0.36,0.490270253157533
21,244.125533764024,222.379305098329,1.9425,4.67964044941646,0,0,0,0,81.9868050983295,81.9868050983295,0.9,144,1444.19244492389,0,0,22.9626598742899,5,0,120,120,111.488332916311,8.51166708368879,1.07634581001474,110.72047559473,0,0,0,0,658244.082359259,0,18,18,0,0,2.8421709430404e-14,2.8421709430404e-14,2.61479726759717e-14,2.27373675443232e-15,1444.19244492389,1415.30859602541,0,1415.30859602541,2.8421709430404e-14,0,2.8421709430404e-14,0,0,0,0,-1.58206781009085e-14,215.858323949213,195.379305098329,1.4625,3.98733275710876,0,0,0.12,0,28.2672098148107,27,0.36,0.692307692307692
22,351.698762519464,351.329445254855,2.28,7.2996136296899,0,0,0,0,100,100,0.9,144,1761.4937466972,0,0,28.0077505724855,5,0,120,120,111.488332916311,8.51166708368879,1.07634581001474,110.72047559473,0,0,0,0,658244.082359259,0,18,18,0,110.599445254855,110.599445254855,110.599445254855,101.751489634467,8.84795562038839,1761.4937466972,1726.26387176326,0,1726.26387176326,2.8421709430404e-14,0,2.8421709430404e-14,0,3.02591285361586e-13,0,0,0,326.558117115052,326.558117115052,1.8,6.66445136969493,0,0,0.12,0,25.1406454044126,24.7713281398038,0.36,0.635162259994968
23,339.318677311621,339.318677311621,2.28,6.96990678378349,0,0,0,0,100,100,0.9,144,1761.4937466972,0,0,28.0077505724855,5,0,120,120,111.488332916311,8.51166708368879,1.07634581001474,110.72047559473,0,0,0,0,658244.082359259,0,18,18,0,98.5886773116207,98.5886773116207,98.5886773116207,90.701583126691,7.88709418492965,1761.4937466972,1726.26387176326,0,1726.26387176326,2.8421709430404e-14,0,2.8421709430404e-14,0,0,0,0,-1.00475183728577e-14,330.712332445916,330.712332445916,1.8,6.74923127440645,0,0,0.12,0,8.60634486570451,8.60634486570451,0.36,0.220675509377039
24,469.934351684616,467.829089242589,2.13375,9.55092977466504,0,0,0,0,100,100,0.9,144,1761.4937466972,0,0,28.0077505724855,5,0,120,120,111.488332916311,8.51166708368879,1.07634581001474,110.72047559473,0,0,0,0,658244.082359259,0,18,18,0,200,200,200,184,16,1761.4937466972,1726.26387176326,0,1726.26387176326,2.8421709430404e-14,0,0,0,27.2453392425894,0,0,0,469.285119792226,467.179857350199,1.8,9.5342828030653,0,0,0.12,0,0.649231892389913,0.649231892389913,0.21375,0.0166469715997414
25,489.355267625039,488.302622596417,2.28,10.037888775746,0,0,0,0,100,100,0.9,144,1761.4937466972,0,0,28.0077505724855,5,0,120,120,111.488332916311,8.51166708368879,1.07634581001474,110.72047559473,0,0,0,0,658244.082359259,0,18,18,0,200,200,200,184,16,1761.4937466972,1726.26387176326,0,1726.26387176326,2.8421709430404e-14,0,0,0,47.5726225964171,0,0,0,475.494950705998,474.442305677376,1.8,9.68249603423217,0,0,0.12,0,13.860316919041,13.860316919041,0.36,0.355392741513872
26,505.547463514703,503.178024163524,2.28,10.4090202337639,0,0,0,0,100,100,0.9,144,1761.4937466972,0,0,28.0077505724855,5,0,120,120,111.488332916311,8.51166708368879,1.07634581001474,110.72047559473,0,0,0,0,658244.082359259,0,18,18,0,200,200,200,184,16,1761.4937466972,1726.26387176326,0,1726.26387176326,2.8421709430404e-14,0,0,0,62.4480241635242,0,0,0,477.243482585138,476.408551728987,1.8,9.7226235046732,0,0,0.12,0,28.3039809295655,26.7694724345375,0.36,0.686396729090705
27,499.366976964403,496.780941167629,2.28,10.2796738385858,0,0,0,0,100,100,0.9,144,1761.4937466972,0,0,28.0077505724855,5,0,120,120,111.488332916311,8.51166708368879,1.07634581001474,110.72047559473,0,0,0,0,658244.082359259,0,18,18,0,200,200,200,184,16,1761.4937466972,1726.26387176326,0,1726.26387176326,2.8421709430404e-14,0,0,0,56.0509411676294,0,0,0,470.213882349148,469.780941167629,1.8,9.58736614627815,0,0,0.12,0,29.1530946152546,27,0.36,0.692307692307692
28,362.600171717232,362.492490196874,2.28,7.50388908071456,0,0,0,0,100,100,0.9,144,1761.4937466972,0,0,28.0077505724855,5,0,120,120,111.488332916311,8.51166708368879,1.07634581001474,110.72047559473,0,0,0,0,658244.082359259,0,18,18,0,121.762490196874,121.762490196874,121.762490196874,112.021490981124,9.74099921574991,1761.4937466972,1726.26387176326,0,1726.26387176326,2.8421709430404e-14,0,2.8421709430404e-14,0,4.02067268368e-13,0,0,0,342.219998640132,342.219998640132,1.8,6.98408160490065,0,0,0.12,0,20.3801730771004,20.2724915567427,0.36,0.519807475813915
29,302.243257816151,302.243257816151,2.22375,6.18294382018597,0,0,0,0,100,100,0.9,144,1761.4937466972,0,0,28.0077505724855,5,0,120,120,111.488332916311,8.51166708368879,1.07634581001474,110.72047559473,0,0,0,0,658244.082359259,0,18,18,0,61.5695078161511,61.5695078161512,61.5695078161512,56.6439471908591,4.92556062529209,1761.4937466972,1726.26387176326,0,1726.26387176326,2.8421709430404e-14,0,2.8421709430404e-14,0,0,0,0,-4.42423875313125e-14,299.431399261602,299.431399261602,1.8,6.11084488288983,0,0,0.12,0,2.81185855454921,2.81185855454921,0.30375,0.0720989372961336
30,440.992037026981,440.992037026981,2.68,8.9315956581995,0,0,0,0,100,100,0.9,144,1761.4937466972,0,0,28.0077505724855,5,0,120,120,111.488332916311,8.51166708368879,1.07634581001474,110.72047559473,0,0,0,0,658244.082359259,0,18,18,0,199.862037026981,199.862037026981,199.862037026981,183.873074064823,15.9889629621585,1761.4937466972,1726.26387176326,0,1726.26387176326,2.8421709430404e-14,0,2.8421709430404e-14,0,3.07920355879787e-13,0,0,0,427.81726891267,427.81726891267,2.4,8.73096467168715,13.174768114311,13.174768114311,0.16,0.200630986512351,0,0,0.12,0
31,80.5202614721871,42.4097223194053,1.39,0.769931690391981,0,0,0,0,0,0,0.9,144,0,0,0,0,0,0,22.5697223194053,22.5697223194053,20.970222972421,1.59949934698432,1.0762747896905,20.8546042463157,0,0,0,0,123982.66681339,0,18,18,0,0,0,0,0,0,0,0,0,0,0,0,0,0,0,0,0,-3.93574062229618e-14,46.2772058194485,8.16666666666667,0.75,0.166666666666667,26.3874598288489,26.3874598288489,0.16,0.401839489779425,7.8555958238897,7.8555958238897,0.48,0.20142553394589
32,695.874133976931,610.112292463422,3.04,12.3674399040652,0,0,0,0,100,100,0.9,144,1761.4937466972,0,0,28.0077505724855,5,1,120,120,111.488332916311,8.51166708368879,1.07634581001474,110.72047559473,0,0,0,0,658244.082359259,0,18,18,0,200,200,200,184,16,1761.4937466972,1726.26387176326,0,1726.26387176326,2.8421709430404e-14,0,0,0,168.622292463422,0,0,0,618.826695671714,533.156074447153,2.4,10.8807362132072,46.7253811542876,46.7253811542876,0.16,0.711554027730267,30.3220571509294,30.2308368619813,0.48,0.775149663127727
33,745.529145319778,739.518509370593,3.04,14.9448180340892,0,0,0,0,100,100,0.9,144,1761.4937466972,0,0,28.0077505724855,5,0,120,120,111.488332916311,8.51166708368879,1.07634581001474,110.72047559473,0,0,0,0,658244.082359259,0,18,18,0,200,200,200,184,16,1761.4937466972,1726.26387176326,0,1726.26387176326,2.8421709430404e-14,0,0,0,298.028509370593,0,0,0,643.349998221904,638.692921342484,2.4,13.0345494151527,64.8255880281088,64.8255880281088,0.16,0.987191695859524,37.353559069766,36,0.48,0.923076923076923
34,730.293006870663,729.290562344978,3.04,14.6363597597564,0,0,0,0,100,100,0.9,144,1761.4937466972,0,0,28.0077505724855,5,0,120,120,111.488332916311,8.51166708368879,1.07634581001474,110.72047559473,0,0,0,0,658244.082359259,0,18,18,0,200,200,200,184,16,1761.4937466972,1726.26387176326,0,1726.26387176326,2.8421709430404e-14,0,0,0,287.800562344978,0,0,0,627.060281792791,627.060281792791,2.4,12.7971486080161,76.1112694001934,75.1088248745076,0.16,1.14378921128692,27.1214556776788,27.1214556776788,0.48,0.695421940453303
35,714.843592062031,711.034156305716,2.86,14.1324307853863,0,0,0,0,100,100,0.9,144,1761.4937466972,0,0,28.0077505724855,5,0,120,120,111.488332916311,8.51166708368879,1.07634581001474,110.72047559473,0,0,0,0,658244.082359259,0,18,18,0,200,200,200,184,16,1761.4937466972,1726.26387176326,0,1726.26387176326,2.8421709430404e-14,0,0,0,269.724156305716,0,0,0,633.140852171073,632.131416414759,2.4,12.9006411513216,78.8,76,0.16,1.15736040609137,2.90273989095769,2.90273989095769,0.3,0.0744292279732742
36,529.028407333196,526.228407333196,2.68,10.345695249626,0,0,0,0,100,100,0.9,144,1761.4937466972,0,0,28.0077505724855,5,0,120,120,111.488332916311,8.51166708368879,1.07634581001474,110.72047559473,0,0,0,0,658244.082359259,0,18,18,0,200,200,200,184,16,1761.4937466972,1726.26387176326,0,1726.26387176326,2.8421709430404e-14,0,0,0,85.0984073331958,0,0,0,450.228407333196,450.228407333196,2.4,9.18833484353461,78.8,76,0.16,1.15736040609137,0,0,0.12,0
37,478.306086161198,477.390906048432,2.98,9.37681792992554,0,0,0,0,100,100,0.9,144,1761.4937466972,0,0,28.0077505724855,5,0,120,120,111.488332916311,8.51166708368879,1.07634581001474,110.72047559473,0,0,0,0,658244.082359259,0,18,18,0,200,200,200,184,16,1761.4937466972,1726.26387176326,0,1726.26387176326,2.8421709430404e-14,0,0,0,35.9609060484322,0,0,0,397.904897375165,397.904897375165,2.4,8.12050810969724,75.9966221105117,75.0814419977457,0.16,1.14337221316364,4.40456667552142,4.40456667552142,0.42,0.112937607064652
38,10.3391472735451,10.3391472735451,0.304,0.206878836891334,0,0,3.01485272645492,3.01485272645492,0,0,0.880165442589112,140.826470814258,0,0,0,0,0,0,0,0,0,0,1,0,0,0,0,0,0,0,18,12.6,5.4,0,0,0,0,0,0,0,0,0,0,0,0,0,0,0,5.4,-4.44089209850063e-16,8.53639985297764,8.53639985297764,0.24,0.174212241897503,1.3020474064273,1.3020474064273,0.016,0.0198281330928015,0.500700014140143,0.500700014140143,0.048,0.0128384619010293
39,0,0,0.076,0,0,0,13.126,13.126,0,0,0.793810179431218,127.009628708995,0,0,0,0,0,0,0,0,0,0,1,0,0,0,0,0,0,0,18,12.6,5.4,0,0,0,0,0,0,0,0,0,0,0,0,0,0,0,5.4,-2.22044604925031e-16,0,0,0.06,0,0,0,0.004,0,0,0,0.012,0
40,8.02073005747219,5.10692374200527,0.215,0.104687255282501,0,0,8.15807625799473,8.15807625799473,0,0,0.740138625102305,118.422180016369,0,0,0,0,0,0,0,0,0,0,1,0,0,0,0,0,0,0,18,12.6,5.4,0,0,0,0,0,0,0,0,0,0,0,0,0,0,0,5.4,-9.43689570931383e-16,7.37259610428586,4.47888505132967,0.165,0.091405817374075,0.271029182658164,0.271029182658164,0.011,0.00412734795926138,0.377104770528165,0.357009508017437,0.039,0.00915408994916506
41,13.4211356081686,13.1692174554711,0.304,0.268009134606442,0,0,0.184782544528924,0.184782544528924,0,0,0.738922950467246,118.227672074759,0,0,0,0,0,0,0,0,0,0,1,0,0,0,0,0,0,0,18,12.6,5.4,0,0,0,0,0,0,0,0,0,0,0,0,0,0,0,5.4,-4.44089209850063e-16,13.0309529912561,12.7790348385586,0.24,0.260796629358338,0.268153721382301,0.268153721382301,0.016,0.00408355920886753,0.122028895530195,0.122028895530195,0.048,0.00312894603923576
42,12.4439731326419,12.4439731326419,0.268,0.253864178254565,0,0,0.87402686735811,0.87402686735811,0,0,0.733172773708311,117.30764379333,0,0,0,0,0,0,0,0,0,0,1,0,0,0,0,0,0,0,18,12.6,5.4,0,0,0,0,0,0,0,0,0,0,0,0,0,0,0,5.4,-5.55111512312578e-17,12.4257372438591,12.4257372438591,0.24,0.253586474364472,0.0182358887827793,0.0182358887827793,0.016,0.000277703890093086,0,0,0.012,0
43,12.7476827594507,12.6974265864469,0.295,0.259531330688641,0,0,0.647573413553079,0.647573413553079,0,0,0.728912422303357,116.625987568537,0,0,0,0,0,0,0,0,0,0,1,0,0,0,0,0,0,0,18,12.6,5.4,0,0,0,0,0,0,0,0,0,0,0,0,0,0,0,5.4,-8.32667268468867e-16,12.6712091519944,12.6209529789907,0.24,0.257570468958993,0,0,0.016,0,0.0764736074562532,0.0764736074562532,0.039,0.00196086172964752
44,104.385780947647,104.385780947647,0.856,2.18368480879905,28.8147499278557,28.8147499278557,0,0,0,0,0.9,144,0,0,0,0,0,0,56.265031019791,56.265031019791,52.2010103928472,4.06402062694383,1.0778532943397,50.298586275496,0,0,0,0,299030.026641772,0,18,18,0,0,0,0,0,0,0,0,0,0,0,0,0,0,0,0,0,-5.95634652711396e-14,94.18815968197,94.18815968197,0.6,1.92220734044837,0,0,0.064,0,10.1976212656767,10.1976212656767,0.192,0.261477468350684
45,130.200284674146,118.602296052442,1.036,2.49580823968878,0,0,0,0,0,0,0.9,144,0,0,0,0,0,0,99.1162960524424,99.035040065,92.04,6.995040065,1.07600000070621,92.04,0,0,0,0,547186.823529412,0,18,18,0,0,0.0812559874423897,0.0812559874423897,0.0747555084469985,0.00650047899539118,0,0,0,0,0.0812559874423897,0,0.0812559874423897,0,4.16333634234434e-15,0,0,0,115.12443943958,104.202296052442,0.78,2.12657747045801,0,0,0.064,0,15.0758452345657,14.4,0.192,0.369230769230769
46,187.572673343714,187.375704135923,1.216,3.89312726916795,0,0,0,0,47.7097041359228,47.7097041359228,0.9,144,840.403454922016,0,0,13.36241493326,3,1,120,120,111.488332916311,8.51166708368879,1.07634581001474,110.72047559473,0,0,0,0,658244.082359259,0,18,18,0,0,2.8421709430404e-14,2.8421709430404e-14,2.61479726759717e-14,2.27373675443232e-15,840.403454922016,823.595385823576,0,823.595385823576,2.8421709430404e-14,0,2.8421709430404e-14,0,0,0,0,-3.1641356201817e-15,174.164329128027,174.164329128027,0.96,3.5543740638373,0,0,0.064,0,13.4083442156867,13.2113750078953,0.192,0.33875320533065
47,180.969961232864,180.969961232864,1.216,3.71728361801786,0,0,0,0,41.3039612328644,41.3039612328644,0.9,144,727.566694255141,0,0,11.5683104386567,3,0,120,120,111.488332916311,8.51166708368879,1.07634581001474,110.72047559473,0,0,0,0,658244.082359259,0,18,18,0,0,2.8421709430404e-14,2.8421709430404e-14,2.61479726759717e-14,2.27373675443232e-15,727.566694255141,713.015360370038,0,713.015360370038,2.8421709430404e-14,0,2.8421709430404e-14,0,0,0,0,-3.1641356201817e-15,176.379910637822,176.379910637822,0.96,3.59959001301677,0,0,0.064,0,4.59005059504241,4.59005059504241,0.192,0.117693605001087
