文件名,数据类型,来源名称,来源网址,覆盖范围,工程状态,获取时间_UTC
nasa_power_hourly_gd_offshore_20250601_20250607.csv,公开原始下载,NASA POWER Hourly API,"https://power.larc.nasa.gov/api/temporal/hourly/point?parameters=WS50M,WS10M,T2M,ALLSKY_SFC_SW_DWN&community=RE&longitude=114.5&latitude=21.5&start=20250601&end=20250607&format=CSV","2025-06-01..2025-06-07 本地太阳时, lat=21.5 lon=114.5",公开代理数据，仅保留首轮拉取,2026-07-23T13:31:09Z
nasa_power_hourly_gd_offshore_20250601_20250607_utc.csv,公开原始下载,NASA POWER Hourly API,"https://power.larc.nasa.gov/api/temporal/hourly/point?parameters=WS50M,WS10M,T2M,ALLSKY_SFC_SW_DWN&community=RE&longitude=114.5&latitude=21.5&start=20250601&end=20250607&time-standard=UTC&format=CSV","2025-06-01..2025-06-07 UTC, lat=21.5 lon=114.5",公开代理数据，UTC 版为主版本,2026-07-23T13:31:09Z
open_meteo_marine_gd_offshore_20250601_20250607.csv,公开原始下载,Open-Meteo Marine API,"https://open-meteo.com/en/docs/marine-weather-api","2025-06-01..2025-06-07 UTC, lat=21.5 lon=114.5 近邻海况网格",公开代理数据，非项目海测,2026-07-23T13:31:09Z
public_reference_v4_output_bridge_input_168h.csv,派生桥接输入,基于公开气象/海况数据和显式假设生成,见 public_reference_parameters.yaml,168 小时逐时输入字段,仅用于接口联调和示例,2026-07-23T13:31:09Z
public_reference_parameters.yaml,参数与假设说明,仓库示例默认值与公开数据派生说明,见 README.md,生成派生输入所用参数,正式工程结论前必须替换,2026-07-23T13:31:09Z
public_reference_v4_output_bridge_result_168h.csv,派生桥接输出,按本地纯 Python 公式复算生成,见 public_reference_v4_output_bridge_input_168h.csv,168 小时逐时输出字段,仅用于接口联调和示例,2026-07-23T13:34:06Z
../../../C5/5.1场景设计/data/annual_2025/ff31187b331bcb4c38a793470892d53e.nc,公开再分析原始下载,Copernicus Climate Data Store ERA5,https://cds.climate.copernicus.eu/datasets/reanalysis-era5-single-levels?tab=download,"2025-01-01 00:00..2025-12-31 23:00 UTC；u10/v10；lat=21.0..21.5；lon=112.5..113.25",已迁至C5；政府/国际公共服务再分析代理；非项目测风；10 m到轮毂高度处理待核验,
../../../C5/5.1场景设计/data/annual_2025/cmems_mod_glo_phy_my_0.083deg_P1D-m_1785375573011.nc,公开再分析原始下载,Copernicus Marine Global Ocean Physics Reanalysis,https://data.marine.copernicus.eu/product/GLOBAL_MULTIYEAR_PHY_001_030/services,"2025-01-01..2025-12-31 UTC；日均thetao；47.37/55.76 m；lat=20.833..21.667；lon=112.417..113.333",已迁至C5；政府/国际公共服务再分析代理；非项目海测,
../../../C5/5.1场景设计/data/annual_2025/场景测试1_2025全年正常运行基准场景设计报告.md,项目场景设计说明,项目内部场景设计,"ERA5与Copernicus来源见本清单",8760小时正常运行边界,已迁至C5；项目内部设计；未签认参数标记为[假设值，待企业调研校准],
